S.No.,Date,Loan number,Product,Account,Account Descr,Product,Deptid,Oper Unit,C/Class,Reversal Amount,Approver,Unit
1,1-Jul-13,41895541,HOME LOAN,710461,Cu B/D w/off w/o Pro-Spec-Oth,170,1251,800,10,1663.66,"Navis, Jagan ",Ccu
2,1-Jul-13,48940615,HOME LOAN,710461,Cu B/D w/off w/o Pro-Spec-Oth,170,1251,800,10,545.58,"Dasgupta, Madhura ",Ccu
3,2-Jul-13,49019333,PERSONAL LOAN,710401,Cu B/D w/off w/o Prov-Spec Pri,110,1211,800,10,283.50,"Navis, Jagan ",Ccu
4,2-Jul-13,48990744,PERSONAL LOAN,710401,Cu B/D w/off w/o Prov-Spec Pri,110,1211,800,10,106.30,"Navis, Jagan ",Ccu
5,2-Jul-13,49018825,PERSONAL LOAN,710401,Cu B/D w/off w/o Prov-Spec Pri,110,1211,800,10,135.64,"Navis, Jagan ",Ccu
6,2-Jul-13,43520561,HOME LOAN,710461,Cu B/D w/off w/o Pro-Spec-Oth,170,1251,800,10,682.01,"Navis, Jagan ",Ccu
7,2-Jul-13,49056999,HOME LOAN,710461,Cu B/D w/off w/o Pro-Spec-Oth,170,1251,800,10,557.00,"Navis, Jagan ",Ccu
8,3-Jul-13,48991724,PERSONAL LOAN,710401,Cu B/D w/off w/o Prov-Spec Pri,110,1211,800,10,494.96,"Navis, Jagan ",Ccu
9,3-Jul-13,48855898,PERSONAL LOAN,710401,Cu B/D w/off w/o Prov-Spec Pri,110,1211,800,10,9.84,"Navis, Jagan ",Ccu
10,3-Jul-13,49020943,PERSONAL LOAN,710401,Cu B/D w/off w/o Prov-Spec Pri,110,1211,800,10,108.16,"Navis, Jagan ",Ccu
11,3-Jul-13,48956937,SME BIL,710461,Cu B/D w/off w/o Pro-Spec-Oth,110,1114,800,26,1309.23,"Navis, Jagan ",Ccu
12,4-Jul-13,48998052,PERSONAL LOAN,710401,Cu B/D w/off w/o Prov-Spec Pri,110,1211,800,10,125.69,"Navis, Jagan ",Ccu
13,4-Jul-13,48608866,SME BIL DRP >90,710461,Cu B/D w/off w/o Pro-Spec-Oth,110,1114,800,26,1273.55,"Navis, Jagan ",Ccu
14,4-Jul-13,48882569,HOME LOAN,710461,Cu B/D w/off w/o Pro-Spec-Oth,170,1251,800,10,704.26,"Navis, Jagan ",Ccu
15,4-Jul-13,48788139,SME BIL,710461,Cu B/D w/off w/o Pro-Spec-Oth,110,1114,800,26,1208.19,"Dasgupta, Madhura ",Ccu
16,5-Jul-13,49015729,SMELAPCOMEBITDA,710461,Cu B/D w/off w/o Pro-Spec-Oth,204,1111,800,26,19.53,"Navis, Jagan ",Ccu
17,8-Jul-13,48073334,HOME LOAN,710461,Cu B/D w/off w/o Pro-Spec-Oth,170,1251,800,10,375.75,"Navis, Jagan ",Ccu
18,9-Jul-13,48199729,SME BIL,710461,Cu B/D w/off w/o Pro-Spec-Oth,110,1114,800,26,267.82,"Dasgupta, Madhura ",Ccu
19,9-Jul-13,41574214,HOME LOAN,710461,Cu B/D w/off w/o Pro-Spec-Oth,170,1251,800,10,533.58,"Navis, Jagan ",Ccu
20,9-Jul-13,48592404,SME GURNTD INSTLN,710461,Cu B/D w/off w/o Pro-Spec-Oth,110,1114,800,26,1318.79,"Navis, Jagan ",Ccu
21,10-Jul-13,41403436,HOME LOAN,710461,Cu B/D w/off w/o Pro-Spec-Oth,170,1251,800,10,772.94,"Navis, Jagan ",Ccu
22,12-Jul-13,48124575,PERSONAL LOAN,710401,Cu B/D w/off w/o Prov-Spec Pri,110,1211,800,10,60.75,"Navis, Jagan ",Ccu
23,12-Jul-13,48545481,SME LAP COMM,710461,Cu B/D w/off w/o Pro-Spec-Oth,110,1114,800,26,787.49,"Navis, Jagan ",Ccu
24,15-Jul-13,49005626,SME LAP RESIDENTIAL,710461,Cu B/D w/off w/o Pro-Spec-Oth,204,1111,800,26,557.00,"Navis, Jagan ",Ccu
25,15-Jul-13,49000799,HOME LOAN,710461,Cu B/D w/off w/o Pro-Spec-Oth,170,1251,800,10,21.74,"Navis, Jagan ",Ccu
26,15-Jul-13,48875627,HOME LOAN,710461,Cu B/D w/off w/o Pro-Spec-Oth,170,1251,800,10,3278.44,"Dasgupta, Madhura ",Ccu
27,15-Jul-13,49013165,HOME LOAN,710461,Cu B/D w/off w/o Pro-Spec-Oth,170,1251,800,10,4443.65,"Dasgupta, Madhura ",Ccu
28,16-Jul-13,48522805,PERSONAL LOAN,710401,Cu B/D w/off w/o Prov-Spec Pri,110,1211,800,10,714.37,"Navis, Jagan ",Ccu
29,16-Jul-13,47855134,HOME SAVER,710461,Cu B/D w/off w/o Pro-Spec-Oth,170,1251,800,10,3145.12,"Kumar, Mukesh ",Collection
30,16-Jul-13,47877189,SBL LFP RES PROP,710461,Cu B/D w/off w/o Pro-Spec-Oth,204,1111,800,26,411.63,"Navis, Jagan ",Ccu
31,17-Jul-13,48796212,PERSONAL LOAN,710401,Cu B/D w/off w/o Prov-Spec Pri,110,1211,800,10,308.63,"Navis, Jagan ",Ccu
32,17-Jul-13,48991384,PERSONAL LOAN,710401,Cu B/D w/off w/o Prov-Spec Pri,110,1211,800,10,230.25,"Navis, Jagan ",Ccu
33,17-Jul-13,48943398,PERSONAL LOAN,710401,Cu B/D w/off w/o Prov-Spec Pri,110,1211,800,10,160.09,"Navis, Jagan ",Ccu
34,17-Jul-13,49009265,PERSONAL LOAN,710401,Cu B/D w/off w/o Prov-Spec Pri,110,1211,800,10,393.39,"Navis, Jagan ",Ccu
35,17-Jul-13,48835218,PERSONAL LOAN,710401,Cu B/D w/off w/o Prov-Spec Pri,110,1211,800,10,315.72,"Navis, Jagan ",Ccu
36,17-Jul-13,48735183,PERSONAL LOAN,710401,Cu B/D w/off w/o Prov-Spec Pri,110,1211,800,10,101.22,"Navis, Jagan ",Ccu
37,17-Jul-13,48948128,PERSONAL LOAN,710401,Cu B/D w/off w/o Prov-Spec Pri,110,1211,800,10,196.07,"Navis, Jagan ",Ccu
38,17-Jul-13,48903299,SME BIL,710461,Cu B/D w/off w/o Pro-Spec-Oth,110,1114,800,26,1677.69,"Navis, Jagan ",Ccu
39,17-Jul-13,48451797,SME BIL,710461,Cu B/D w/off w/o Pro-Spec-Oth,110,1114,800,26,908.73,"Navis, Jagan ",Ccu
40,17-Jul-13,48605522,LARP,710461,Cu B/D w/off w/o Pro-Spec-Oth,170,1251,800,10,557.00,"Navis, Jagan ",Ccu
41,17-Jul-13,48315079,SME BIL,710461,Cu B/D w/off w/o Pro-Spec-Oth,110,1114,800,26,557.00,"Navis, Jagan ",Ccu
42,18-Jul-13,48977233,PERSONAL LOAN,710401,Cu B/D w/off w/o Prov-Spec Pri,110,1211,800,10,135.52,"Navis, Jagan ",Ccu
43,18-Jul-13,48982318,PERSONAL LOAN,710401,Cu B/D w/off w/o Prov-Spec Pri,110,1211,800,10,1030.22,"Navis, Jagan ",Ccu
44,18-Jul-13,48777145,PERSONAL LOAN,710401,Cu B/D w/off w/o Prov-Spec Pri,110,1211,800,10,101.80,"Navis, Jagan ",Ccu
45,18-Jul-13,49009036,PERSONAL LOAN,710401,Cu B/D w/off w/o Prov-Spec Pri,110,1211,800,10,601.65,"Navis, Jagan ",Ccu
46,18-Jul-13,48956244,PERSONAL LOAN,710401,Cu B/D w/off w/o Prov-Spec Pri,110,1211,800,10,119.28,"Navis, Jagan ",Ccu
47,18-Jul-13,48900818,PERSONAL LOAN,710401,Cu B/D w/off w/o Prov-Spec Pri,110,1211,800,10,121.94,"Navis, Jagan ",Ccu
48,18-Jul-13,49036262,PERSONAL LOAN,710401,Cu B/D w/off w/o Prov-Spec Pri,110,1211,800,10,115.59,"Navis, Jagan ",Ccu
49,18-Jul-13,48840262,PERSONAL LOAN,710401,Cu B/D w/off w/o Prov-Spec Pri,110,1211,800,10,1437.90,"Navis, Jagan ",Ccu
50,18-Jul-13,49044591,PERSONAL LOAN,710401,Cu B/D w/off w/o Prov-Spec Pri,110,1211,800,10,165.32,"Navis, Jagan ",Ccu
51,18-Jul-13,49011154,PERSONAL LOAN,710401,Cu B/D w/off w/o Prov-Spec Pri,110,1211,800,10,241.83,"Navis, Jagan ",Ccu
52,18-Jul-13,49042491,PERSONAL LOAN,710401,Cu B/D w/off w/o Prov-Spec Pri,110,1211,800,10,166.08,"Navis, Jagan ",Ccu
53,18-Jul-13,49047744,PERSONAL LOAN,710401,Cu B/D w/off w/o Prov-Spec Pri,110,1211,800,10,428.40,"Navis, Jagan ",Ccu
54,18-Jul-13,49043838,PERSONAL LOAN,710401,Cu B/D w/off w/o Prov-Spec Pri,110,1211,800,10,210.50,"Navis, Jagan ",Ccu
55,18-Jul-13,49038788,PERSONAL LOAN,710401,Cu B/D w/off w/o Prov-Spec Pri,110,1211,800,10,291.69,"Navis, Jagan ",Ccu
56,18-Jul-13,48905844,PERSONAL LOAN,710401,Cu B/D w/off w/o Prov-Spec Pri,110,1211,800,10,190.39,"Navis, Jagan ",Ccu
57,18-Jul-13,49042688,HOME LOAN,710461,Cu B/D w/off w/o Pro-Spec-Oth,170,1251,800,10,1562.60,"Navis, Jagan ",Ccu
58,19-Jul-13,48050466,PERSONAL LOAN,710401,Cu B/D w/off w/o Prov-Spec Pri,110,1211,800,10,1162.66,"Navis, Jagan ",Ccu
59,19-Jul-13,49066587,PERSONAL LOAN,710401,Cu B/D w/off w/o Prov-Spec Pri,110,1211,800,10,655.01,"Navis, Jagan ",Ccu
60,19-Jul-13,48732869,PERSONAL LOAN,710401,Cu B/D w/off w/o Prov-Spec Pri,110,1211,800,10,599.80,"Navis, Jagan ",Ccu
61,19-Jul-13,48845124,PERSONAL LOAN,710401,Cu B/D w/off w/o Prov-Spec Pri,110,1211,800,10,1531.09,"Navis, Jagan ",Ccu
62,19-Jul-13,49037196,PERSONAL LOAN,710401,Cu B/D w/off w/o Prov-Spec Pri,110,1211,800,10,9.09,"Navis, Jagan ",Ccu
63,19-Jul-13,48874167,HOME LOAN,710461,Cu B/D w/off w/o Pro-Spec-Oth,170,1251,800,10,117.41,"Dasgupta, Madhura ",Ccu
64,19-Jul-13,42234662,HOME LOAN,710461,Cu B/D w/off w/o Pro-Spec-Oth,170,1251,800,10,196.94,"Navis, Jagan ",Ccu
65,19-Jul-13,43068952,HOME LOAN,710461,Cu B/D w/off w/o Pro-Spec-Oth,170,1251,800,10,114.82,"Navis, Jagan ",Ccu
66,19-Jul-13,49055852,SMELAPRESEBITDA,710461,Cu B/D w/off w/o Pro-Spec-Oth,174,1111,800,25,1855.84,"Navis, Jagan ",Ccu
67,20-Jul-13,48884618,PERSONAL LOAN,710401,Cu B/D w/off w/o Prov-Spec Pri,110,1211,800,10,596.59,"Navis, Jagan ",Ccu
68,20-Jul-13,48771597,PERSONAL LOAN,710401,Cu B/D w/off w/o Prov-Spec Pri,110,1211,800,10,1295.30,"Godiwala, Hemali ",Ccu
69,20-Jul-13,47731281,LARP,710461,Cu B/D w/off w/o Pro-Spec-Oth,170,1251,800,10,5000.00,"Dasgupta, Madhura ",Ccu
70,22-Jul-13,48949396,SME BIL,710461,Cu B/D w/off w/o Pro-Spec-Oth,110,1114,800,26,2158.90,"Amuthavel, Chinnammai ",Ccu
71,22-Jul-13,48957429,HOME LOAN,710461,Cu B/D w/off w/o Pro-Spec-Oth,170,1251,800,10,506.77,"Navis, Jagan ",Ccu
72,22-Jul-13,48429643,SME BIL,710461,Cu B/D w/off w/o Pro-Spec-Oth,110,1114,800,26,4422.00,"Dasgupta, Madhura ",Ccu
73,24-Jul-13,47925132,PERSONAL LOAN,710401,Cu B/D w/off w/o Prov-Spec Pri,110,1211,800,10,501.33,"Godiwala, Hemali ",Ccu
74,24-Jul-13,48649716,PERSONAL LOAN,710401,Cu B/D w/off w/o Prov-Spec Pri,110,1211,800,10,370.36,"Godiwala, Hemali ",Ccu
75,24-Jul-13,48528072,PERSONAL LOAN,710401,Cu B/D w/off w/o Prov-Spec Pri,110,1211,800,10,292.30,"Godiwala, Hemali ",Ccu
76,24-Jul-13,49058363,PERSONAL LOAN,710401,Cu B/D w/off w/o Prov-Spec Pri,110,1211,800,10,228.47,"Navis, Jagan ",Ccu
77,24-Jul-13,47777753,HOME LOAN,710461,Cu B/D w/off w/o Pro-Spec-Oth,170,1251,800,10,812.71,"Godiwala, Hemali ",Ccu
78,24-Jul-13,49046047,LARP,710461,Cu B/D w/off w/o Pro-Spec-Oth,170,1251,800,10,1701.27,"Navis, Jagan ",Ccu
79,24-Jul-13,47926848,HOME LOAN,710461,Cu B/D w/off w/o Pro-Spec-Oth,170,1251,800,10,834.43,"Godiwala, Hemali ",Ccu
80,24-Jul-13,48912832,LARP,710461,Cu B/D w/off w/o Pro-Spec-Oth,170,1251,800,10,1001.43,"Godiwala, Hemali ",Ccu
81,25-Jul-13,48116629,PERSONAL LOAN,710401,Cu B/D w/off w/o Prov-Spec Pri,110,1211,800,10,360.20,"Navis, Jagan ",Ccu
82,25-Jul-13,43236219,HOME LOAN,710461,Cu B/D w/off w/o Pro-Spec-Oth,170,1251,800,10,68.28,"Navis, Jagan ",Ccu
83,25-Jul-13,48724491,SMEBILCSHPFTMPR,710461,Cu B/D w/off w/o Pro-Spec-Oth,110,1114,800,26,2253.65,"Godiwala, Hemali ",Ccu
84,25-Jul-13,48748439,SMEBILCSHPFTMPR,710461,Cu B/D w/off w/o Pro-Spec-Oth,110,1114,800,26,1486.30,"Godiwala, Hemali ",Ccu
85,25-Jul-13,48206865,HOME LOAN,710461,Cu B/D w/off w/o Pro-Spec-Oth,170,1251,800,10,1316.02,"Godiwala, Hemali ",Ccu
86,25-Jul-13,48056316,HOME LOAN,710461,Cu B/D w/off w/o Pro-Spec-Oth,170,1251,800,10,1656.03,"Godiwala, Hemali ",Ccu
87,25-Jul-13,47842822,HOME LOAN,710461,Cu B/D w/off w/o Pro-Spec-Oth,170,1251,800,10,1762.14,"Godiwala, Hemali ",Ccu
88,25-Jul-13,48061018,HOME LOAN,710461,Cu B/D w/off w/o Pro-Spec-Oth,170,1251,800,10,910.94,"Godiwala, Hemali ",Ccu
89,25-Jul-13,47400706,HOME LOAN,710461,Cu B/D w/off w/o Pro-Spec-Oth,170,1251,800,10,1107.73,"Godiwala, Hemali ",Ccu
90,25-Jul-13,48834173,HOME LOAN,710461,Cu B/D w/off w/o Pro-Spec-Oth,170,1251,800,10,1574.17,"Godiwala, Hemali ",Ccu
91,25-Jul-13,47938455,HOME LOAN,710461,Cu B/D w/off w/o Pro-Spec-Oth,170,1251,800,10,1038.08,"Godiwala, Hemali ",Ccu
92,25-Jul-13,48967149,HOME LOAN,710461,Cu B/D w/off w/o Pro-Spec-Oth,170,1251,800,10,1031.29,"Godiwala, Hemali ",Ccu
93,25-Jul-13,48838748,SME BIL,710461,Cu B/D w/off w/o Pro-Spec-Oth,110,1114,800,26,2630.23,"Amuthavel, Chinnammai ",Ccu
94,26-Jul-13,48967858,PERSONAL LOAN,710401,Cu B/D w/off w/o Prov-Spec Pri,110,1211,800,10,197.48,"Godiwala, Hemali ",Ccu
95,26-Jul-13,48863866,PERSONAL LOAN,710401,Cu B/D w/off w/o Prov-Spec Pri,110,1211,800,10,271.92,"Godiwala, Hemali ",Ccu
96,26-Jul-13,49026976,PERSONAL LOAN,710401,Cu B/D w/off w/o Prov-Spec Pri,110,1211,800,10,184.64,"Godiwala, Hemali ",Ccu
97,26-Jul-13,49020757,PERSONAL LOAN,710401,Cu B/D w/off w/o Prov-Spec Pri,110,1211,800,10,246.88,"Godiwala, Hemali ",Ccu
98,26-Jul-13,48934623,PERSONAL LOAN,710401,Cu B/D w/off w/o Prov-Spec Pri,110,1211,800,10,574.09,"Godiwala, Hemali ",Ccu
99,26-Jul-13,49052128,PERSONAL LOAN,710401,Cu B/D w/off w/o Prov-Spec Pri,110,1211,800,10,562.00,"Godiwala, Hemali ",Ccu
100,26-Jul-13,48540072,PERSONAL LOAN,710401,Cu B/D w/off w/o Prov-Spec Pri,110,1211,800,10,462.04,"Godiwala, Hemali ",Ccu
101,26-Jul-13,48206466,PERSONAL LOAN,710401,Cu B/D w/off w/o Prov-Spec Pri,110,1211,800,10,269.40,"Godiwala, Hemali ",Ccu
102,26-Jul-13,48980986,PERSONAL LOAN,710401,Cu B/D w/off w/o Prov-Spec Pri,110,1211,800,10,268.17,"Godiwala, Hemali ",Ccu
103,26-Jul-13,48063401,PERSONAL LOAN,710401,Cu B/D w/off w/o Prov-Spec Pri,110,1211,800,10,213.27,"Godiwala, Hemali ",Ccu
104,26-Jul-13,48540064,PERSONAL LOAN,710401,Cu B/D w/off w/o Prov-Spec Pri,110,1211,800,10,297.22,"Godiwala, Hemali ",Ccu
105,26-Jul-13,48498726,PERSONAL LOAN,710401,Cu B/D w/off w/o Prov-Spec Pri,110,1211,800,10,162.60,"Godiwala, Hemali ",Ccu
106,26-Jul-13,48846465,PERSONAL LOAN,710401,Cu B/D w/off w/o Prov-Spec Pri,110,1211,800,10,161.03,"Godiwala, Hemali ",Ccu
107,26-Jul-13,48941603,PERSONAL LOAN,710401,Cu B/D w/off w/o Prov-Spec Pri,110,1211,800,10,216.97,"Godiwala, Hemali ",Ccu
108,26-Jul-13,49035592,SME BIL,710461,Cu B/D w/off w/o Pro-Spec-Oth,110,1114,800,25,3021.26,"Dasgupta, Madhura ",Ccu
109,26-Jul-13,48727369,SME BIL,710461,Cu B/D w/off w/o Pro-Spec-Oth,110,1114,800,25,1654.44,"Navis, Jagan ",Ccu
110,26-Jul-13,49045059,PERSONAL LOAN,710401,Cu B/D w/off w/o Prov-Spec Pri,110,1211,800,10,267.14,"Godiwala, Hemali ",Ccu
111,26-Jul-13,49053779,PERSONAL LOAN,710401,Cu B/D w/off w/o Prov-Spec Pri,110,1211,800,10,152.55,"Godiwala, Hemali ",Ccu
112,26-Jul-13,48981192,PERSONAL LOAN,710401,Cu B/D w/off w/o Prov-Spec Pri,110,1211,800,10,223.20,"Godiwala, Hemali ",Ccu
113,26-Jul-13,49039989,PERSONAL LOAN,710401,Cu B/D w/off w/o Prov-Spec Pri,110,1211,800,10,372.45,"Godiwala, Hemali ",Ccu
114,26-Jul-13,48650935,PERSONAL LOAN,710401,Cu B/D w/off w/o Prov-Spec Pri,110,1211,800,10,381.31,"Godiwala, Hemali ",Ccu
115,26-Jul-13,48852511,PERSONAL LOAN,710401,Cu B/D w/off w/o Prov-Spec Pri,110,1211,800,10,464.32,"Godiwala, Hemali ",Ccu
116,26-Jul-13,48682292,PERSONAL LOAN,710401,Cu B/D w/off w/o Prov-Spec Pri,110,1211,800,10,544.93,"Godiwala, Hemali ",Ccu
117,26-Jul-13,48799424,PERSONAL LOAN,710401,Cu B/D w/off w/o Prov-Spec Pri,110,1211,800,10,586.38,"Godiwala, Hemali ",Ccu
118,26-Jul-13,49025449,PERSONAL LOAN,710401,Cu B/D w/off w/o Prov-Spec Pri,110,1211,800,10,243.89,"Godiwala, Hemali ",Ccu
119,26-Jul-13,49002805,PERSONAL LOAN,710401,Cu B/D w/off w/o Prov-Spec Pri,110,1211,800,10,112.63,"Godiwala, Hemali ",Ccu
120,26-Jul-13,49019813,PERSONAL LOAN,710401,Cu B/D w/off w/o Prov-Spec Pri,110,1211,800,10,158.22,"Godiwala, Hemali ",Ccu
121,26-Jul-13,49002929,PERSONAL LOAN,710401,Cu B/D w/off w/o Prov-Spec Pri,110,1211,800,10,160.29,"Godiwala, Hemali ",Ccu
122,26-Jul-13,49015788,PERSONAL LOAN,710401,Cu B/D w/off w/o Prov-Spec Pri,110,1211,800,10,150.65,"Godiwala, Hemali ",Ccu
123,26-Jul-13,48499323,PERSONAL LOAN,710401,Cu B/D w/off w/o Prov-Spec Pri,110,1211,800,10,408.95,"Godiwala, Hemali ",Ccu
124,26-Jul-13,48780154,PERSONAL LOAN,710401,Cu B/D w/off w/o Prov-Spec Pri,110,1211,800,10,491.14,"Godiwala, Hemali ",Ccu
125,26-Jul-13,48287067,PERSONAL LOAN,710401,Cu B/D w/off w/o Prov-Spec Pri,110,1211,800,10,545.21,"Godiwala, Hemali ",Ccu
126,26-Jul-13,48902098,PERSONAL LOAN,710401,Cu B/D w/off w/o Prov-Spec Pri,110,1211,800,10,251.35,"Godiwala, Hemali ",Ccu
127,26-Jul-13,48734012,PERSONAL LOAN,710401,Cu B/D w/off w/o Prov-Spec Pri,110,1211,800,10,400.18,"Godiwala, Hemali ",Ccu
128,26-Jul-13,48784915,PERSONAL LOAN,710401,Cu B/D w/off w/o Prov-Spec Pri,110,1211,800,10,379.76,"Godiwala, Hemali ",Ccu
129,26-Jul-13,49003046,PERSONAL LOAN,710401,Cu B/D w/off w/o Prov-Spec Pri,110,1211,800,10,242.09,"Godiwala, Hemali ",Ccu
130,26-Jul-13,48916722,PERSONAL LOAN,710401,Cu B/D w/off w/o Prov-Spec Pri,110,1211,800,10,224.32,"Godiwala, Hemali ",Ccu
131,26-Jul-13,48963593,PERSONAL LOAN,710401,Cu B/D w/off w/o Prov-Spec Pri,110,1211,800,10,359.73,"Godiwala, Hemali ",Ccu
132,26-Jul-13,49019597,PERSONAL LOAN,710401,Cu B/D w/off w/o Prov-Spec Pri,110,1211,800,10,411.39,"Godiwala, Hemali ",Ccu
133,26-Jul-13,48998044,PERSONAL LOAN,710401,Cu B/D w/off w/o Prov-Spec Pri,110,1211,800,10,319.81,"Godiwala, Hemali ",Ccu
134,26-Jul-13,49027913,PERSONAL LOAN,710401,Cu B/D w/off w/o Prov-Spec Pri,110,1211,800,10,575.04,"Godiwala, Hemali ",Ccu
135,26-Jul-13,49020714,PERSONAL LOAN,710401,Cu B/D w/off w/o Prov-Spec Pri,110,1211,800,10,655.08,"Godiwala, Hemali ",Ccu
136,26-Jul-13,49031384,PERSONAL LOAN,710401,Cu B/D w/off w/o Prov-Spec Pri,110,1211,800,10,605.57,"Godiwala, Hemali ",Ccu
137,26-Jul-13,48858242,PERSONAL LOAN,710401,Cu B/D w/off w/o Prov-Spec Pri,110,1211,800,10,272.41,"Godiwala, Hemali ",Ccu
138,26-Jul-13,48889814,PERSONAL LOAN,710401,Cu B/D w/off w/o Prov-Spec Pri,110,1211,800,10,610.78,"Godiwala, Hemali ",Ccu
139,26-Jul-13,49013963,PERSONAL LOAN,710401,Cu B/D w/off w/o Prov-Spec Pri,110,1211,800,10,104.48,"Godiwala, Hemali ",Ccu
140,26-Jul-13,48988537,PERSONAL LOAN,710401,Cu B/D w/off w/o Prov-Spec Pri,110,1211,800,10,121.44,"Godiwala, Hemali ",Ccu
141,26-Jul-13,48734586,PERSONAL LOAN,710401,Cu B/D w/off w/o Prov-Spec Pri,110,1211,800,10,331.71,"Godiwala, Hemali ",Ccu
142,26-Jul-13,48850187,PERSONAL LOAN,710401,Cu B/D w/off w/o Prov-Spec Pri,110,1211,800,10,1230.41,"Godiwala, Hemali ",Ccu
143,26-Jul-13,48973904,PERSONAL LOAN,710401,Cu B/D w/off w/o Prov-Spec Pri,110,1211,800,10,34.02,"Navis, Jagan ",Ccu
144,26-Jul-13,49577387,HOME LOAN,710461,Cu B/D w/off w/o Pro-Spec-Oth,170,1251,800,10,557.00,"Godiwala, Hemali ",Ccu
145,26-Jul-13,43609716,HOME LOAN,710461,Cu B/D w/off w/o Pro-Spec-Oth,170,1251,800,10,138.14,"Godiwala, Hemali ",Ccu
146,26-Jul-13,40448959,HOME LOAN,710461,Cu B/D w/off w/o Pro-Spec-Oth,170,1251,800,10,428.58,"Godiwala, Hemali ",Ccu
147,26-Jul-13,48011886,SME BIL,710461,Cu B/D w/off w/o Pro-Spec-Oth,110,1114,800,26,1320.50,"Godiwala, Hemali ",Ccu
148,26-Jul-13,49027689,BIL-ADVANCE EMI,710461,Cu B/D w/off w/o Pro-Spec-Oth,110,1114,800,26,2864.68,"Godiwala, Hemali ",Ccu
149,26-Jul-13,49055712,SME BIL,710461,Cu B/D w/off w/o Pro-Spec-Oth,110,1114,800,26,556.90,"Godiwala, Hemali ",Ccu
150,26-Jul-13,48415189,SME BIL,710461,Cu B/D w/off w/o Pro-Spec-Oth,110,1114,800,26,799.33,"Godiwala, Hemali ",Ccu
151,26-Jul-13,48594032,BIL-ADVANCE EMI,710461,Cu B/D w/off w/o Pro-Spec-Oth,110,1114,800,26,1085.52,"Godiwala, Hemali ",Ccu
152,26-Jul-13,48339113,SME BIL,710461,Cu B/D w/off w/o Pro-Spec-Oth,110,1114,800,26,1546.84,"Godiwala, Hemali ",Ccu
153,26-Jul-13,48784338,SME BIL,710461,Cu B/D w/off w/o Pro-Spec-Oth,110,1114,800,26,2070.50,"Godiwala, Hemali ",Ccu
154,26-Jul-13,47993081,HOME LOAN,710461,Cu B/D w/off w/o Pro-Spec-Oth,170,1251,800,10,2561.46,"Godiwala, Hemali ",Ccu
155,26-Jul-13,48401692,SBL LFP RES PROP,710461,Cu B/D w/off w/o Pro-Spec-Oth,204,1111,800,26,2431.23,"Godiwala, Hemali ",Ccu
156,26-Jul-13,48073563,SME BIL,710461,Cu B/D w/off w/o Pro-Spec-Oth,110,1114,800,26,2126.14,"Godiwala, Hemali ",Ccu
157,26-Jul-13,48287644,SME BIL,710461,Cu B/D w/off w/o Pro-Spec-Oth,110,1114,800,26,938.56,"Godiwala, Hemali ",Ccu
158,26-Jul-13,43384331,HOME LOAN,710461,Cu B/D w/off w/o Pro-Spec-Oth,170,1251,800,10,739.06,"Godiwala, Hemali ",Ccu
159,26-Jul-13,49043412,HOME LOAN,710461,Cu B/D w/off w/o Pro-Spec-Oth,170,1251,800,10,2649.71,"Kumar, Mukesh ",Collection
160,27-Jul-13,49151606,PERSONAL LOAN - BL,710401,Cu B/D w/off w/o Prov-Spec Pri,110,1331,103,10,124.68,"G V, Madhav ",Collection
161,27-Jul-13,49151606,PERSONAL LOAN - BL,710401,Cu B/D w/off w/o Prov-Spec Pri,110,1331,103,10,1514.32,"G V, Madhav ",Collection
162,29-Jul-13,48988871,PERSONAL LOAN,710401,Cu B/D w/off w/o Prov-Spec Pri,110,1211,800,10,962.63,"Godiwala, Hemali ",Ccu
163,29-Jul-13,48079642,PERSONAL LOAN,710401,Cu B/D w/off w/o Prov-Spec Pri,110,1211,800,10,1733.71,"Godiwala, Hemali ",Ccu
164,29-Jul-13,48996149,PERSONAL LOAN,710401,Cu B/D w/off w/o Prov-Spec Pri,110,1211,800,10,589.02,"Godiwala, Hemali ",Ccu
165,29-Jul-13,48893676,PERSONAL LOAN,710401,Cu B/D w/off w/o Prov-Spec Pri,110,1211,800,10,314.54,"Godiwala, Hemali ",Ccu
166,29-Jul-13,48864293,PERSONAL LOAN,710401,Cu B/D w/off w/o Prov-Spec Pri,110,1211,800,10,246.34,"Godiwala, Hemali ",Ccu
167,29-Jul-13,48748641,PERSONAL LOAN,710401,Cu B/D w/off w/o Prov-Spec Pri,110,1211,800,10,357.45,"Godiwala, Hemali ",Ccu
168,29-Jul-13,49031708,PERSONAL LOAN,710401,Cu B/D w/off w/o Prov-Spec Pri,110,1211,800,10,470.22,"Godiwala, Hemali ",Ccu
169,29-Jul-13,49033069,PERSONAL LOAN,710401,Cu B/D w/off w/o Prov-Spec Pri,110,1211,800,10,247.51,"Godiwala, Hemali ",Ccu
170,29-Jul-13,48236985,PERSONAL LOAN,710401,Cu B/D w/off w/o Prov-Spec Pri,110,1211,800,10,96.70,"Godiwala, Hemali ",Ccu
171,29-Jul-13,48848743,PERSONAL LOAN,710401,Cu B/D w/off w/o Prov-Spec Pri,110,1211,800,10,174.76,"Godiwala, Hemali ",Ccu
172,29-Jul-13,48144762,PERSONAL LOAN,710401,Cu B/D w/off w/o Prov-Spec Pri,110,1211,800,10,185.74,"Godiwala, Hemali ",Ccu
173,29-Jul-13,49000187,PERSONAL LOAN,710401,Cu B/D w/off w/o Prov-Spec Pri,110,1211,800,10,158.89,"Godiwala, Hemali ",Ccu
174,29-Jul-13,48960128,PERSONAL LOAN,710401,Cu B/D w/off w/o Prov-Spec Pri,110,1211,800,10,127.02,"Godiwala, Hemali ",Ccu
175,29-Jul-13,48733865,PERSONAL LOAN,710401,Cu B/D w/off w/o Prov-Spec Pri,110,1211,800,10,229.04,"Godiwala, Hemali ",Ccu
176,29-Jul-13,48781584,PERSONAL LOAN,710401,Cu B/D w/off w/o Prov-Spec Pri,110,1211,800,10,152.34,"Godiwala, Hemali ",Ccu
177,29-Jul-13,48330272,PERSONAL LOAN,710401,Cu B/D w/off w/o Prov-Spec Pri,110,1211,800,10,324.25,"Godiwala, Hemali ",Ccu
178,29-Jul-13,48636096,PERSONAL LOAN,710401,Cu B/D w/off w/o Prov-Spec Pri,110,1211,800,10,253.09,"Godiwala, Hemali ",Ccu
179,29-Jul-13,48851299,PERSONAL LOAN,710401,Cu B/D w/off w/o Prov-Spec Pri,110,1211,800,10,433.32,"Godiwala, Hemali ",Ccu
180,29-Jul-13,48743445,PERSONAL LOAN,710401,Cu B/D w/off w/o Prov-Spec Pri,110,1211,800,10,429.31,"Godiwala, Hemali ",Ccu
181,29-Jul-13,48637084,PERSONAL LOAN,710401,Cu B/D w/off w/o Prov-Spec Pri,110,1211,800,10,333.63,"Godiwala, Hemali ",Ccu
182,29-Jul-13,48474975,PERSONAL LOAN,710401,Cu B/D w/off w/o Prov-Spec Pri,110,1211,800,10,315.37,"Godiwala, Hemali ",Ccu
183,29-Jul-13,48772097,PERSONAL LOAN,710401,Cu B/D w/off w/o Prov-Spec Pri,110,1211,800,10,302.23,"Godiwala, Hemali ",Ccu
184,29-Jul-13,48738808,PERSONAL LOAN,710401,Cu B/D w/off w/o Prov-Spec Pri,110,1211,800,10,665.51,"Godiwala, Hemali ",Ccu
185,29-Jul-13,48877158,HOME LOAN,710461,Cu B/D w/off w/o Pro-Spec-Oth,170,1251,800,10,757.59,"Navis, Jagan ",Ccu
186,29-Jul-13,43432034,HOME LOAN,710461,Cu B/D w/off w/o Pro-Spec-Oth,170,1251,800,10,2080.46,"Godiwala, Hemali ",Ccu
187,29-Jul-13,48312312,SMELAPGROSSPROFIT,710461,Cu B/D w/off w/o Pro-Spec-Oth,174,1111,800,25,556.67,"Godiwala, Hemali ",Ccu
188,30-Jul-13,49472526,PERSONAL LOAN - BL,710401,Cu B/D w/off w/o Prov-Spec Pri,110,1331,103,10,562.00,"Kumar, Mukesh ",Collection
189,30-Jul-13,49403737,PERSONAL LOAN - BL,710401,Cu B/D w/off w/o Prov-Spec Pri,110,1331,103,10,562.00,"Kumar, Mukesh ",Collection
190,30-Jul-13,49262289,PERSONAL LOAN - BL,710401,Cu B/D w/off w/o Prov-Spec Pri,110,1331,103,10,557.60,"Kumar, Mukesh ",Collection
191,30-Jul-13,49405144,PERSONAL LOAN - BL,710401,Cu B/D w/off w/o Prov-Spec Pri,110,1331,103,10,562.00,"Kumar, Mukesh ",Collection
192,30-Jul-13,49470825,PERSONAL LOAN - BL,710401,Cu B/D w/off w/o Prov-Spec Pri,110,1331,103,10,562.00,"Kumar, Mukesh ",Collection
193,30-Jul-13,49316958,PERSONAL LOAN - BL,710401,Cu B/D w/off w/o Prov-Spec Pri,110,1331,103,10,562.00,"Kumar, Mukesh ",Collection
194,30-Jul-13,49233246,PERSONAL LOAN - BL,710401,Cu B/D w/off w/o Prov-Spec Pri,110,1331,103,10,562.00,"Kumar, Mukesh ",Collection
195,30-Jul-13,49411446,PERSONAL LOAN - BL,710401,Cu B/D w/off w/o Prov-Spec Pri,110,1331,103,10,562.00,"Kumar, Mukesh ",Collection
196,30-Jul-13,49399586,PERSONAL LOAN - BL,710401,Cu B/D w/off w/o Prov-Spec Pri,110,1331,103,10,562.00,"Kumar, Mukesh ",Collection
197,30-Jul-13,49526472,PERSONAL LOAN - BL,710401,Cu B/D w/off w/o Prov-Spec Pri,110,1331,103,10,562.00,"Kumar, Mukesh ",Collection
198,30-Jul-13,49559486,PERSONAL LOAN - BL,710401,Cu B/D w/off w/o Prov-Spec Pri,110,1331,103,10,562.00,"Kumar, Mukesh ",Collection
199,30-Jul-13,49211137,PERSONAL LOAN - BL,710401,Cu B/D w/off w/o Prov-Spec Pri,110,1331,103,10,562.00,"Kumar, Mukesh ",Collection
200,30-Jul-13,49404008,PERSONAL LOAN - BL,710401,Cu B/D w/off w/o Prov-Spec Pri,110,1331,103,10,562.00,"Kumar, Mukesh ",Collection
201,30-Jul-13,49375601,PERSONAL LOAN - BL,710401,Cu B/D w/off w/o Prov-Spec Pri,110,1331,103,10,562.00,"Kumar, Mukesh ",Collection
202,30-Jul-13,49463144,PERSONAL LOAN - BL,710401,Cu B/D w/off w/o Prov-Spec Pri,110,1331,103,10,562.00,"Kumar, Mukesh ",Collection
203,30-Jul-13,49318411,PERSONAL LOAN - BL,710401,Cu B/D w/off w/o Prov-Spec Pri,110,1331,103,10,562.00,"Kumar, Mukesh ",Collection
204,30-Jul-13,49172875,PERSONAL LOAN - BL,710401,Cu B/D w/off w/o Prov-Spec Pri,110,1331,103,10,551.00,"Kumar, Mukesh ",Collection
205,30-Jul-13,49153668,PERSONAL LOAN - BL,710401,Cu B/D w/off w/o Prov-Spec Pri,110,1331,103,10,372.00,"Kumar, Mukesh ",Collection
206,30-Jul-13,49200259,PERSONAL LOAN - BL,710401,Cu B/D w/off w/o Prov-Spec Pri,110,1331,103,10,562.00,"Kumar, Mukesh ",Collection
207,30-Jul-13,49413422,PERSONAL LOAN - BL,710401,Cu B/D w/off w/o Prov-Spec Pri,110,1331,103,10,562.00,"Kumar, Mukesh ",Collection
208,30-Jul-13,49524186,PERSONAL LOAN - BL,710401,Cu B/D w/off w/o Prov-Spec Pri,110,1331,103,10,562.00,"Kumar, Mukesh ",Collection
209,30-Jul-13,49117041,PERSONAL LOAN - BL,710401,Cu B/D w/off w/o Prov-Spec Pri,110,1331,103,10,562.00,"Kumar, Mukesh ",Collection
210,30-Jul-13,49413171,PERSONAL LOAN - BL,710401,Cu B/D w/off w/o Prov-Spec Pri,110,1331,103,10,562.00,"Kumar, Mukesh ",Collection
211,30-Jul-13,49342967,PERSONAL LOAN - BL,710401,Cu B/D w/off w/o Prov-Spec Pri,110,1331,103,10,562.00,"Kumar, Mukesh ",Collection
212,30-Jul-13,49234625,PERSONAL LOAN - BL,710401,Cu B/D w/off w/o Prov-Spec Pri,110,1331,103,10,562.00,"Kumar, Mukesh ",Collection
213,30-Jul-13,49120492,PERSONAL LOAN - BL,710401,Cu B/D w/off w/o Prov-Spec Pri,110,1331,103,10,562.00,"Kumar, Mukesh ",Collection
214,30-Jul-13,49396498,PERSONAL LOAN - BL,710401,Cu B/D w/off w/o Prov-Spec Pri,110,1331,103,10,562.00,"Kumar, Mukesh ",Collection
215,30-Jul-13,49396005,PERSONAL LOAN - BL,710401,Cu B/D w/off w/o Prov-Spec Pri,110,1331,103,10,562.00,"Kumar, Mukesh ",Collection
216,30-Jul-13,49434934,PERSONAL LOAN - BL,710401,Cu B/D w/off w/o Prov-Spec Pri,110,1331,103,10,562.00,"Kumar, Mukesh ",Collection
217,30-Jul-13,49494384,PERSONAL LOAN - BL,710401,Cu B/D w/off w/o Prov-Spec Pri,110,1331,103,10,562.00,"Kumar, Mukesh ",Collection
218,30-Jul-13,49527525,PERSONAL LOAN - BL,710401,Cu B/D w/off w/o Prov-Spec Pri,110,1331,103,10,337.00,"Kumar, Mukesh ",Collection
219,30-Jul-13,49552651,PERSONAL LOAN - BL,710401,Cu B/D w/off w/o Prov-Spec Pri,110,1331,103,10,562.00,"Kumar, Mukesh ",Collection
220,30-Jul-13,49433121,PERSONAL LOAN - BL,710401,Cu B/D w/off w/o Prov-Spec Pri,110,1331,103,10,562.00,"Kumar, Mukesh ",Collection
221,30-Jul-13,49417347,PERSONAL LOAN - BL,710401,Cu B/D w/off w/o Prov-Spec Pri,110,1331,103,10,562.00,"Kumar, Mukesh ",Collection
222,30-Jul-13,49353071,PERSONAL LOAN - BL,710401,Cu B/D w/off w/o Prov-Spec Pri,110,1331,103,10,562.00,"Kumar, Mukesh ",Collection
223,30-Jul-13,49446959,PERSONAL LOAN - BL,710401,Cu B/D w/off w/o Prov-Spec Pri,110,1331,103,10,562.00,"Kumar, Mukesh ",Collection
224,30-Jul-13,49160141,PERSONAL LOAN - BL,710401,Cu B/D w/off w/o Prov-Spec Pri,110,1331,103,10,489.00,"Kumar, Mukesh ",Collection
225,30-Jul-13,49198874,PERSONAL LOAN - BL,710401,Cu B/D w/off w/o Prov-Spec Pri,110,1331,103,10,557.60,"Kumar, Mukesh ",Collection
226,30-Jul-13,49432036,PERSONAL LOAN - BL,710401,Cu B/D w/off w/o Prov-Spec Pri,110,1331,103,10,562.00,"Kumar, Mukesh ",Collection
227,30-Jul-13,49436775,PERSONAL LOAN - BL,710401,Cu B/D w/off w/o Prov-Spec Pri,110,1331,103,10,336.64,"Kumar, Mukesh ",Collection
228,30-Jul-13,49397303,PERSONAL LOAN - BL,710401,Cu B/D w/off w/o Prov-Spec Pri,110,1331,103,10,562.00,"Kumar, Mukesh ",Collection
229,30-Jul-13,49435094,PERSONAL LOAN - BL,710401,Cu B/D w/off w/o Prov-Spec Pri,110,1331,103,10,562.00,"Kumar, Mukesh ",Collection
230,30-Jul-13,49536184,PERSONAL LOAN - BL,710401,Cu B/D w/off w/o Prov-Spec Pri,110,1331,103,10,562.00,"Kumar, Mukesh ",Collection
231,30-Jul-13,49293605,PERSONAL LOAN - BL,710401,Cu B/D w/off w/o Prov-Spec Pri,110,1331,103,10,562.00,"Kumar, Mukesh ",Collection
232,30-Jul-13,49224247,PERSONAL LOAN - BL,710401,Cu B/D w/off w/o Prov-Spec Pri,110,1331,103,10,562.00,"Kumar, Mukesh ",Collection
233,30-Jul-13,49436821,PERSONAL LOAN - BL,710401,Cu B/D w/off w/o Prov-Spec Pri,110,1331,103,10,561.72,"Kumar, Mukesh ",Collection
234,30-Jul-13,49303945,PERSONAL LOAN - BL,710401,Cu B/D w/off w/o Prov-Spec Pri,110,1331,103,10,562.00,"Kumar, Mukesh ",Collection
235,30-Jul-13,49342134,PERSONAL LOAN - BL,710401,Cu B/D w/off w/o Prov-Spec Pri,110,1331,103,10,562.00,"Kumar, Mukesh ",Collection
236,30-Jul-13,49513613,PERSONAL LOAN - BL,710401,Cu B/D w/off w/o Prov-Spec Pri,110,1331,103,10,562.00,"Kumar, Mukesh ",Collection
237,30-Jul-13,49410253,PERSONAL LOAN - BL,710401,Cu B/D w/off w/o Prov-Spec Pri,110,1331,103,10,562.00,"Kumar, Mukesh ",Collection
238,30-Jul-13,49432087,PERSONAL LOAN - BL,710401,Cu B/D w/off w/o Prov-Spec Pri,110,1331,103,10,562.00,"Kumar, Mukesh ",Collection
239,30-Jul-13,49435353,PERSONAL LOAN - BL,710401,Cu B/D w/off w/o Prov-Spec Pri,110,1331,103,10,562.00,"Kumar, Mukesh ",Collection
240,30-Jul-13,49216376,PERSONAL LOAN - BL,710401,Cu B/D w/off w/o Prov-Spec Pri,110,1331,103,10,562.00,"Kumar, Mukesh ",Collection
241,30-Jul-13,49155504,PERSONAL LOAN - BL,710401,Cu B/D w/off w/o Prov-Spec Pri,110,1331,103,10,386.00,"Kumar, Mukesh ",Collection
242,30-Jul-13,49291386,PERSONAL LOAN - BL,710401,Cu B/D w/off w/o Prov-Spec Pri,110,1331,103,10,562.00,"Kumar, Mukesh ",Collection
243,30-Jul-13,49375083,PERSONAL LOAN - BL,710401,Cu B/D w/off w/o Prov-Spec Pri,110,1331,103,10,562.00,"Kumar, Mukesh ",Collection
244,30-Jul-13,49169718,PERSONAL LOAN - BL,710401,Cu B/D w/off w/o Prov-Spec Pri,110,1331,103,10,523.00,"Kumar, Mukesh ",Collection
245,30-Jul-13,49077546,PERSONAL LOAN - BL,710401,Cu B/D w/off w/o Prov-Spec Pri,110,1331,103,10,562.00,"Kumar, Mukesh ",Collection
246,30-Jul-13,49375504,PERSONAL LOAN - BL,710401,Cu B/D w/off w/o Prov-Spec Pri,110,1331,103,10,562.00,"Kumar, Mukesh ",Collection
247,30-Jul-13,49301845,PERSONAL LOAN - BL,710401,Cu B/D w/off w/o Prov-Spec Pri,110,1331,103,10,562.00,"Kumar, Mukesh ",Collection
248,30-Jul-13,49262173,PERSONAL LOAN - BL,710401,Cu B/D w/off w/o Prov-Spec Pri,110,1331,103,10,562.00,"Kumar, Mukesh ",Collection
249,30-Jul-13,49468952,PERSONAL LOAN - BL,710401,Cu B/D w/off w/o Prov-Spec Pri,110,1331,103,10,562.00,"Kumar, Mukesh ",Collection
250,30-Jul-13,49422537,PERSONAL LOAN - BL,710401,Cu B/D w/off w/o Prov-Spec Pri,110,1331,103,10,562.00,"Kumar, Mukesh ",Collection
251,30-Jul-13,49211722,PERSONAL LOAN - BL,710401,Cu B/D w/off w/o Prov-Spec Pri,110,1331,103,10,562.00,"Kumar, Mukesh ",Collection
252,30-Jul-13,49559648,PERSONAL LOAN - BL,710401,Cu B/D w/off w/o Prov-Spec Pri,110,1331,103,10,562.00,"Kumar, Mukesh ",Collection
253,30-Jul-13,49453203,PERSONAL LOAN - BL,710401,Cu B/D w/off w/o Prov-Spec Pri,110,1331,103,10,562.00,"Kumar, Mukesh ",Collection
254,30-Jul-13,49428446,PERSONAL LOAN - BL,710401,Cu B/D w/off w/o Prov-Spec Pri,110,1331,103,10,562.00,"Kumar, Mukesh ",Collection
255,30-Jul-13,49432311,PERSONAL LOAN - BL,710401,Cu B/D w/off w/o Prov-Spec Pri,110,1331,103,10,562.00,"Kumar, Mukesh ",Collection
256,30-Jul-13,49418505,PERSONAL LOAN - BL,710401,Cu B/D w/off w/o Prov-Spec Pri,110,1331,103,10,562.00,"Kumar, Mukesh ",Collection
257,30-Jul-13,49398881,PERSONAL LOAN - BL,710401,Cu B/D w/off w/o Prov-Spec Pri,110,1331,103,10,562.00,"Kumar, Mukesh ",Collection
258,30-Jul-13,49148583,PERSONAL LOAN - BL,710401,Cu B/D w/off w/o Prov-Spec Pri,110,1331,103,10,562.00,"Kumar, Mukesh ",Collection
259,30-Jul-13,49503154,PERSONAL LOAN - BL,710401,Cu B/D w/off w/o Prov-Spec Pri,110,1331,103,10,562.00,"Kumar, Mukesh ",Collection
260,30-Jul-13,49111221,PERSONAL LOAN - BL,710401,Cu B/D w/off w/o Prov-Spec Pri,110,1331,103,10,562.00,"Kumar, Mukesh ",Collection
261,30-Jul-13,49332007,PERSONAL LOAN - BL,710401,Cu B/D w/off w/o Prov-Spec Pri,110,1331,103,10,562.00,"Kumar, Mukesh ",Collection
262,30-Jul-13,49219103,PERSONAL LOAN - BL,710401,Cu B/D w/off w/o Prov-Spec Pri,110,1331,103,10,562.00,"Kumar, Mukesh ",Collection
263,30-Jul-13,49200453,PERSONAL LOAN - BL,710401,Cu B/D w/off w/o Prov-Spec Pri,110,1331,103,10,562.00,"Kumar, Mukesh ",Collection
264,30-Jul-13,49418157,PERSONAL LOAN - BL,710401,Cu B/D w/off w/o Prov-Spec Pri,110,1331,103,10,562.00,"Kumar, Mukesh ",Collection
265,30-Jul-13,49375717,PERSONAL LOAN - BL,710401,Cu B/D w/off w/o Prov-Spec Pri,110,1331,103,10,562.00,"Kumar, Mukesh ",Collection
266,30-Jul-13,49424564,PERSONAL LOAN - BL,710401,Cu B/D w/off w/o Prov-Spec Pri,110,1331,103,10,562.00,"Kumar, Mukesh ",Collection
267,30-Jul-13,49272969,PERSONAL LOAN - BL,710401,Cu B/D w/off w/o Prov-Spec Pri,110,1331,103,10,562.00,"Kumar, Mukesh ",Collection
268,30-Jul-13,49195182,PERSONAL LOAN - BL,710401,Cu B/D w/off w/o Prov-Spec Pri,110,1331,103,10,562.00,"Kumar, Mukesh ",Collection
269,30-Jul-13,49286579,PERSONAL LOAN - BL,710401,Cu B/D w/off w/o Prov-Spec Pri,110,1331,103,10,562.00,"Kumar, Mukesh ",Collection
270,30-Jul-13,49204211,PERSONAL LOAN - BL,710401,Cu B/D w/off w/o Prov-Spec Pri,110,1331,103,10,562.00,"Kumar, Mukesh ",Collection
271,30-Jul-13,49199137,PERSONAL LOAN - BL,710401,Cu B/D w/off w/o Prov-Spec Pri,110,1331,103,10,561.44,"Kumar, Mukesh ",Collection
272,30-Jul-13,49453599,PERSONAL LOAN - BL,710401,Cu B/D w/off w/o Prov-Spec Pri,110,1331,103,10,562.00,"Kumar, Mukesh ",Collection
273,30-Jul-13,49212036,PERSONAL LOAN - BL,710401,Cu B/D w/off w/o Prov-Spec Pri,110,1331,103,10,487.00,"Kumar, Mukesh ",Collection
274,30-Jul-13,49280708,PERSONAL LOAN - BL,710401,Cu B/D w/off w/o Prov-Spec Pri,110,1331,103,10,562.00,"Kumar, Mukesh ",Collection
275,30-Jul-13,49548336,PERSONAL LOAN - BL,710401,Cu B/D w/off w/o Prov-Spec Pri,110,1331,103,10,561.40,"Kumar, Mukesh ",Collection
276,30-Jul-13,49357344,PERSONAL LOAN - BL,710401,Cu B/D w/off w/o Prov-Spec Pri,110,1331,103,10,562.00,"Kumar, Mukesh ",Collection
277,30-Jul-13,49429299,PERSONAL LOAN - BL,710401,Cu B/D w/off w/o Prov-Spec Pri,110,1331,103,10,562.00,"Kumar, Mukesh ",Collection
278,30-Jul-13,49558854,PERSONAL LOAN - BL,710401,Cu B/D w/off w/o Prov-Spec Pri,110,1331,103,10,561.20,"Kumar, Mukesh ",Collection
279,30-Jul-13,49200518,PERSONAL LOAN - BL,710401,Cu B/D w/off w/o Prov-Spec Pri,110,1331,103,10,562.00,"Kumar, Mukesh ",Collection
280,30-Jul-13,49229664,PERSONAL LOAN - BL,710401,Cu B/D w/off w/o Prov-Spec Pri,110,1331,103,10,562.00,"Kumar, Mukesh ",Collection
281,30-Jul-13,49234455,PERSONAL LOAN - BL,710401,Cu B/D w/off w/o Prov-Spec Pri,110,1331,103,10,561.72,"Kumar, Mukesh ",Collection
282,30-Jul-13,49085824,PERSONAL LOAN - BL,710401,Cu B/D w/off w/o Prov-Spec Pri,110,1331,103,10,562.00,"Kumar, Mukesh ",Collection
283,30-Jul-13,49134159,PERSONAL LOAN - BL,710401,Cu B/D w/off w/o Prov-Spec Pri,110,1331,103,10,562.00,"Kumar, Mukesh ",Collection
284,30-Jul-13,49343688,PERSONAL LOAN - BL,710401,Cu B/D w/off w/o Prov-Spec Pri,110,1331,103,10,562.00,"Kumar, Mukesh ",Collection
285,30-Jul-13,49255495,PERSONAL LOAN - BL,710401,Cu B/D w/off w/o Prov-Spec Pri,110,1331,103,10,562.00,"Kumar, Mukesh ",Collection
286,30-Jul-13,49404652,PERSONAL LOAN - BL,710401,Cu B/D w/off w/o Prov-Spec Pri,110,1331,103,10,562.00,"Kumar, Mukesh ",Collection
287,30-Jul-13,49275615,PERSONAL LOAN - BL,710401,Cu B/D w/off w/o Prov-Spec Pri,110,1331,103,10,561.93,"Kumar, Mukesh ",Collection
288,30-Jul-13,49487345,PERSONAL LOAN - BL,710401,Cu B/D w/off w/o Prov-Spec Pri,110,1331,103,10,562.00,"Kumar, Mukesh ",Collection
289,30-Jul-13,49392921,PERSONAL LOAN - BL,710401,Cu B/D w/off w/o Prov-Spec Pri,110,1331,103,10,561.60,"Kumar, Mukesh ",Collection
290,30-Jul-13,49414631,PERSONAL LOAN - BL,710401,Cu B/D w/off w/o Prov-Spec Pri,110,1331,103,10,562.00,"Kumar, Mukesh ",Collection
291,30-Jul-13,49143387,PERSONAL LOAN - BL,710401,Cu B/D w/off w/o Prov-Spec Pri,110,1331,103,10,557.00,"Kumar, Mukesh ",Collection
292,30-Jul-13,49405683,PERSONAL LOAN - BL,710401,Cu B/D w/off w/o Prov-Spec Pri,110,1331,103,10,562.00,"Kumar, Mukesh ",Collection
293,30-Jul-13,49407791,PERSONAL LOAN - BL,710401,Cu B/D w/off w/o Prov-Spec Pri,110,1331,103,10,561.43,"Kumar, Mukesh ",Collection
294,30-Jul-13,49530747,PERSONAL LOAN - BL,710401,Cu B/D w/off w/o Prov-Spec Pri,110,1331,103,10,562.00,"Kumar, Mukesh ",Collection
295,30-Jul-13,49260898,PERSONAL LOAN - BL,710401,Cu B/D w/off w/o Prov-Spec Pri,110,1331,103,10,560.92,"Kumar, Mukesh ",Collection
296,30-Jul-13,49558412,PERSONAL LOAN - BL,710401,Cu B/D w/off w/o Prov-Spec Pri,110,1331,103,10,562.00,"Kumar, Mukesh ",Collection
297,30-Jul-13,49202359,PERSONAL LOAN - BL,710401,Cu B/D w/off w/o Prov-Spec Pri,110,1331,103,10,562.00,"Kumar, Mukesh ",Collection
298,30-Jul-13,49240889,PERSONAL LOAN - BL,710401,Cu B/D w/off w/o Prov-Spec Pri,110,1331,103,10,562.00,"Kumar, Mukesh ",Collection
299,30-Jul-13,49477919,PERSONAL LOAN - BL,710401,Cu B/D w/off w/o Prov-Spec Pri,110,1331,103,10,562.00,"Kumar, Mukesh ",Collection
300,30-Jul-13,49279726,PERSONAL LOAN - BL,710401,Cu B/D w/off w/o Prov-Spec Pri,110,1331,103,10,562.00,"Kumar, Mukesh ",Collection
301,30-Jul-13,49421336,PERSONAL LOAN - BL,710401,Cu B/D w/off w/o Prov-Spec Pri,110,1331,103,10,562.00,"Kumar, Mukesh ",Collection
302,30-Jul-13,49550144,PERSONAL LOAN - BL,710401,Cu B/D w/off w/o Prov-Spec Pri,110,1331,103,10,382.45,"Kumar, Mukesh ",Collection
303,30-Jul-13,49134558,PERSONAL LOAN - BL,710401,Cu B/D w/off w/o Prov-Spec Pri,110,1331,103,10,562.00,"Kumar, Mukesh ",Collection
304,30-Jul-13,49076531,PERSONAL LOAN - BL,710401,Cu B/D w/off w/o Prov-Spec Pri,110,1331,103,10,562.00,"Kumar, Mukesh ",Collection
305,30-Jul-13,49377612,PERSONAL LOAN - BL,710401,Cu B/D w/off w/o Prov-Spec Pri,110,1331,103,10,562.00,"Kumar, Mukesh ",Collection
306,30-Jul-13,49433067,PERSONAL LOAN - BL,710401,Cu B/D w/off w/o Prov-Spec Pri,110,1331,103,10,562.00,"Kumar, Mukesh ",Collection
307,30-Jul-13,49222619,PERSONAL LOAN - BL,710401,Cu B/D w/off w/o Prov-Spec Pri,110,1331,103,10,562.00,"Kumar, Mukesh ",Collection
308,30-Jul-13,49442244,PERSONAL LOAN - BL,710401,Cu B/D w/off w/o Prov-Spec Pri,110,1331,103,10,562.00,"Kumar, Mukesh ",Collection
309,30-Jul-13,49206605,PERSONAL LOAN - BL,710401,Cu B/D w/off w/o Prov-Spec Pri,110,1331,103,10,562.00,"Kumar, Mukesh ",Collection
310,30-Jul-13,49306448,PERSONAL LOAN - BL,710401,Cu B/D w/off w/o Prov-Spec Pri,110,1331,103,10,562.00,"Kumar, Mukesh ",Collection
311,30-Jul-13,49280147,PERSONAL LOAN - BL,710401,Cu B/D w/off w/o Prov-Spec Pri,110,1331,103,10,562.00,"Kumar, Mukesh ",Collection
312,30-Jul-13,49466941,PERSONAL LOAN - BL,710401,Cu B/D w/off w/o Prov-Spec Pri,110,1331,103,10,562.00,"Kumar, Mukesh ",Collection
313,30-Jul-13,49414968,PERSONAL LOAN - BL,710401,Cu B/D w/off w/o Prov-Spec Pri,110,1331,103,10,562.00,"Kumar, Mukesh ",Collection
314,30-Jul-13,49437283,PERSONAL LOAN - BL,710401,Cu B/D w/off w/o Prov-Spec Pri,110,1331,103,10,562.00,"Kumar, Mukesh ",Collection
315,30-Jul-13,49326791,PERSONAL LOAN - BL,710401,Cu B/D w/off w/o Prov-Spec Pri,110,1331,103,10,562.00,"Kumar, Mukesh ",Collection
316,30-Jul-13,49186086,PERSONAL LOAN - BL,710401,Cu B/D w/off w/o Prov-Spec Pri,110,1331,103,10,562.00,"Kumar, Mukesh ",Collection
317,30-Jul-13,49273043,PERSONAL LOAN - BL,710401,Cu B/D w/off w/o Prov-Spec Pri,110,1331,103,10,562.00,"Kumar, Mukesh ",Collection
318,30-Jul-13,49166034,PERSONAL LOAN - BL,710401,Cu B/D w/off w/o Prov-Spec Pri,110,1331,103,10,562.00,"Kumar, Mukesh ",Collection
319,30-Jul-13,49390929,PERSONAL LOAN - BL,710401,Cu B/D w/off w/o Prov-Spec Pri,110,1331,103,10,562.00,"Kumar, Mukesh ",Collection
320,30-Jul-13,49156217,PERSONAL LOAN - BL,710401,Cu B/D w/off w/o Prov-Spec Pri,110,1331,103,10,386.00,"Kumar, Mukesh ",Collection
321,30-Jul-13,49455656,PERSONAL LOAN - BL,710401,Cu B/D w/off w/o Prov-Spec Pri,110,1331,103,10,562.00,"Kumar, Mukesh ",Collection
322,30-Jul-13,49518488,PERSONAL LOAN - BL,710401,Cu B/D w/off w/o Prov-Spec Pri,110,1331,103,10,562.00,"Kumar, Mukesh ",Collection
323,30-Jul-13,49348515,PERSONAL LOAN - BL,710401,Cu B/D w/off w/o Prov-Spec Pri,110,1331,103,10,562.00,"Kumar, Mukesh ",Collection
324,30-Jul-13,49168916,PERSONAL LOAN - BL,710401,Cu B/D w/off w/o Prov-Spec Pri,110,1331,103,10,110.00,"Kumar, Mukesh ",Collection
325,30-Jul-13,49172174,PERSONAL LOAN - BL,710401,Cu B/D w/off w/o Prov-Spec Pri,110,1331,103,10,562.00,"Kumar, Mukesh ",Collection
326,30-Jul-13,49562576,PERSONAL LOAN - BL,710401,Cu B/D w/off w/o Prov-Spec Pri,110,1331,103,10,562.00,"Kumar, Mukesh ",Collection
327,30-Jul-13,49386336,PERSONAL LOAN - BL,710401,Cu B/D w/off w/o Prov-Spec Pri,110,1331,103,10,561.72,"Kumar, Mukesh ",Collection
328,30-Jul-13,49225847,PERSONAL LOAN - BL,710401,Cu B/D w/off w/o Prov-Spec Pri,110,1331,103,10,562.00,"Kumar, Mukesh ",Collection
329,30-Jul-13,49429663,PERSONAL LOAN - BL,710401,Cu B/D w/off w/o Prov-Spec Pri,110,1331,103,10,562.00,"Kumar, Mukesh ",Collection
330,30-Jul-13,49356496,PERSONAL LOAN - BL,710401,Cu B/D w/off w/o Prov-Spec Pri,110,1331,103,10,561.27,"Kumar, Mukesh ",Collection
331,30-Jul-13,49392697,PERSONAL LOAN - BL,710401,Cu B/D w/off w/o Prov-Spec Pri,110,1331,103,10,562.00,"Kumar, Mukesh ",Collection
332,30-Jul-13,49351745,PERSONAL LOAN - BL,710401,Cu B/D w/off w/o Prov-Spec Pri,110,1331,103,10,562.00,"Kumar, Mukesh ",Collection
333,30-Jul-13,49282689,PERSONAL LOAN - BL,710401,Cu B/D w/off w/o Prov-Spec Pri,110,1331,103,10,562.00,"Kumar, Mukesh ",Collection
334,30-Jul-13,49386964,PERSONAL LOAN - BL,710401,Cu B/D w/off w/o Prov-Spec Pri,110,1331,103,10,562.00,"Kumar, Mukesh ",Collection
335,30-Jul-13,49448242,PERSONAL LOAN - BL,710401,Cu B/D w/off w/o Prov-Spec Pri,110,1331,103,10,561.08,"Kumar, Mukesh ",Collection
336,30-Jul-13,49156608,PERSONAL LOAN - BL,710401,Cu B/D w/off w/o Prov-Spec Pri,110,1331,103,10,322.00,"Kumar, Mukesh ",Collection
337,30-Jul-13,49452622,PERSONAL LOAN - BL,710401,Cu B/D w/off w/o Prov-Spec Pri,110,1331,103,10,562.00,"Kumar, Mukesh ",Collection
338,30-Jul-13,49419269,PERSONAL LOAN - BL,710401,Cu B/D w/off w/o Prov-Spec Pri,110,1331,103,10,562.00,"Kumar, Mukesh ",Collection
339,30-Jul-13,49441698,PERSONAL LOAN - BL,710401,Cu B/D w/off w/o Prov-Spec Pri,110,1331,103,10,562.00,"Kumar, Mukesh ",Collection
340,30-Jul-13,49141457,PERSONAL LOAN - BL,710401,Cu B/D w/off w/o Prov-Spec Pri,110,1331,103,10,562.00,"Kumar, Mukesh ",Collection
341,30-Jul-13,49443186,PERSONAL LOAN - BL,710401,Cu B/D w/off w/o Prov-Spec Pri,110,1331,103,10,562.00,"Kumar, Mukesh ",Collection
342,30-Jul-13,49169815,PERSONAL LOAN - BL,710401,Cu B/D w/off w/o Prov-Spec Pri,110,1331,103,10,562.00,"Kumar, Mukesh ",Collection
343,30-Jul-13,49260332,PERSONAL LOAN - BL,710401,Cu B/D w/off w/o Prov-Spec Pri,110,1331,103,10,562.00,"Kumar, Mukesh ",Collection
344,30-Jul-13,49359517,PERSONAL LOAN - BL,710401,Cu B/D w/off w/o Prov-Spec Pri,110,1331,103,10,556.00,"Kumar, Mukesh ",Collection
345,30-Jul-13,49471058,PERSONAL LOAN - BL,710401,Cu B/D w/off w/o Prov-Spec Pri,110,1331,103,10,312.00,"Kumar, Mukesh ",Collection
346,30-Jul-13,49529552,PERSONAL LOAN - BL,710401,Cu B/D w/off w/o Prov-Spec Pri,110,1331,103,10,562.00,"Kumar, Mukesh ",Collection
347,30-Jul-13,49492276,PERSONAL LOAN - BL,710401,Cu B/D w/off w/o Prov-Spec Pri,110,1331,103,10,562.00,"Kumar, Mukesh ",Collection
348,30-Jul-13,49224824,PERSONAL LOAN - BL,710401,Cu B/D w/off w/o Prov-Spec Pri,110,1331,103,10,562.00,"Kumar, Mukesh ",Collection
349,30-Jul-13,49147641,PERSONAL LOAN - BL,710401,Cu B/D w/off w/o Prov-Spec Pri,110,1331,103,10,562.00,"Kumar, Mukesh ",Collection
350,30-Jul-13,49529781,PERSONAL LOAN - BL,710401,Cu B/D w/off w/o Prov-Spec Pri,110,1331,103,10,562.00,"Kumar, Mukesh ",Collection
351,30-Jul-13,49269313,PERSONAL LOAN - BL,710401,Cu B/D w/off w/o Prov-Spec Pri,110,1331,103,10,162.00,"Kumar, Mukesh ",Collection
352,30-Jul-13,49206591,PERSONAL LOAN - BL,710401,Cu B/D w/off w/o Prov-Spec Pri,110,1331,103,10,562.00,"Kumar, Mukesh ",Collection
353,30-Jul-13,49546805,PERSONAL LOAN - BL,710401,Cu B/D w/off w/o Prov-Spec Pri,110,1331,103,10,562.00,"Kumar, Mukesh ",Collection
354,30-Jul-13,49414313,PERSONAL LOAN - BL,710401,Cu B/D w/off w/o Prov-Spec Pri,110,1331,103,10,562.00,"Kumar, Mukesh ",Collection
355,30-Jul-13,49118706,PERSONAL LOAN - BL,710401,Cu B/D w/off w/o Prov-Spec Pri,110,1331,103,10,562.00,"Kumar, Mukesh ",Collection
356,30-Jul-13,49454234,PERSONAL LOAN - BL,710401,Cu B/D w/off w/o Prov-Spec Pri,110,1331,103,10,561.32,"Kumar, Mukesh ",Collection
357,30-Jul-13,49340697,PERSONAL LOAN - BL,710401,Cu B/D w/off w/o Prov-Spec Pri,110,1331,103,10,562.00,"Kumar, Mukesh ",Collection
358,30-Jul-13,49165461,PERSONAL LOAN - BL,710401,Cu B/D w/off w/o Prov-Spec Pri,110,1331,103,10,562.00,"Kumar, Mukesh ",Collection
359,30-Jul-13,49527401,PERSONAL LOAN - BL,710401,Cu B/D w/off w/o Prov-Spec Pri,110,1331,103,10,562.00,"Kumar, Mukesh ",Collection
360,30-Jul-13,49521551,PERSONAL LOAN - BL,710401,Cu B/D w/off w/o Prov-Spec Pri,110,1331,103,10,562.00,"Kumar, Mukesh ",Collection
361,30-Jul-13,49158457,PERSONAL LOAN - BL,710401,Cu B/D w/off w/o Prov-Spec Pri,110,1331,103,10,562.00,"Kumar, Mukesh ",Collection
362,30-Jul-13,49293265,PERSONAL LOAN - BL,710401,Cu B/D w/off w/o Prov-Spec Pri,110,1331,103,10,562.00,"Kumar, Mukesh ",Collection
363,30-Jul-13,49381423,PERSONAL LOAN - BL,710401,Cu B/D w/off w/o Prov-Spec Pri,110,1331,103,10,562.00,"Kumar, Mukesh ",Collection
364,30-Jul-13,49331191,PERSONAL LOAN - BL,710401,Cu B/D w/off w/o Prov-Spec Pri,110,1331,103,10,562.00,"Kumar, Mukesh ",Collection
365,30-Jul-13,49412469,PERSONAL LOAN - BL,710401,Cu B/D w/off w/o Prov-Spec Pri,110,1331,103,10,562.00,"Kumar, Mukesh ",Collection
366,30-Jul-13,49271695,PERSONAL LOAN - BL,710401,Cu B/D w/off w/o Prov-Spec Pri,110,1331,103,10,562.00,"Kumar, Mukesh ",Collection
367,30-Jul-13,49379488,PERSONAL LOAN - BL,710401,Cu B/D w/off w/o Prov-Spec Pri,110,1331,103,10,562.00,"Kumar, Mukesh ",Collection
368,30-Jul-13,49124986,PERSONAL LOAN - BL,710401,Cu B/D w/off w/o Prov-Spec Pri,110,1331,103,10,562.00,"Kumar, Mukesh ",Collection
369,30-Jul-13,49481029,PERSONAL LOAN - BL,710401,Cu B/D w/off w/o Prov-Spec Pri,110,1331,103,10,562.00,"Kumar, Mukesh ",Collection
370,30-Jul-13,49332104,PERSONAL LOAN - BL,710401,Cu B/D w/off w/o Prov-Spec Pri,110,1331,103,10,562.00,"Kumar, Mukesh ",Collection
371,30-Jul-13,49486527,PERSONAL LOAN - BL,710401,Cu B/D w/off w/o Prov-Spec Pri,110,1331,103,10,539.00,"Kumar, Mukesh ",Collection
372,30-Jul-13,49459015,PERSONAL LOAN - BL,710401,Cu B/D w/off w/o Prov-Spec Pri,110,1331,103,10,562.00,"Kumar, Mukesh ",Collection
373,30-Jul-13,49260111,PERSONAL LOAN - BL,710401,Cu B/D w/off w/o Prov-Spec Pri,110,1331,103,10,562.00,"Kumar, Mukesh ",Collection
374,30-Jul-13,49504681,PERSONAL LOAN - BL,710401,Cu B/D w/off w/o Prov-Spec Pri,110,1331,103,10,562.00,"Kumar, Mukesh ",Collection
375,30-Jul-13,49418033,PERSONAL LOAN - BL,710401,Cu B/D w/off w/o Prov-Spec Pri,110,1331,103,10,562.00,"Kumar, Mukesh ",Collection
376,30-Jul-13,49279742,PERSONAL LOAN - BL,710401,Cu B/D w/off w/o Prov-Spec Pri,110,1331,103,10,562.00,"Kumar, Mukesh ",Collection
377,30-Jul-13,49487361,PERSONAL LOAN - BL,710401,Cu B/D w/off w/o Prov-Spec Pri,110,1331,103,10,562.00,"Kumar, Mukesh ",Collection
378,30-Jul-13,49194461,PERSONAL LOAN - BL,710401,Cu B/D w/off w/o Prov-Spec Pri,110,1331,103,10,562.00,"Kumar, Mukesh ",Collection
379,30-Jul-13,49410075,PERSONAL LOAN - BL,710401,Cu B/D w/off w/o Prov-Spec Pri,110,1331,103,10,562.00,"Kumar, Mukesh ",Collection
380,30-Jul-13,49242164,PERSONAL LOAN - BL,710401,Cu B/D w/off w/o Prov-Spec Pri,110,1331,103,10,562.00,"Kumar, Mukesh ",Collection
381,30-Jul-13,49558897,PERSONAL LOAN - BL,710401,Cu B/D w/off w/o Prov-Spec Pri,110,1331,103,10,539.00,"Kumar, Mukesh ",Collection
382,30-Jul-13,49482092,PERSONAL LOAN - BL,710401,Cu B/D w/off w/o Prov-Spec Pri,110,1331,103,10,562.00,"Kumar, Mukesh ",Collection
383,30-Jul-13,49320491,PERSONAL LOAN - BL,710401,Cu B/D w/off w/o Prov-Spec Pri,110,1331,103,10,562.00,"Kumar, Mukesh ",Collection
384,30-Jul-13,49122169,PERSONAL LOAN - BL,710401,Cu B/D w/off w/o Prov-Spec Pri,110,1331,103,10,562.00,"Kumar, Mukesh ",Collection
385,30-Jul-13,49228595,PERSONAL LOAN - BL,710401,Cu B/D w/off w/o Prov-Spec Pri,110,1331,103,10,562.00,"Kumar, Mukesh ",Collection
386,30-Jul-13,49474375,PERSONAL LOAN - BL,710401,Cu B/D w/off w/o Prov-Spec Pri,110,1331,103,10,561.72,"Kumar, Mukesh ",Collection
387,30-Jul-13,49358537,PERSONAL LOAN - BL,710401,Cu B/D w/off w/o Prov-Spec Pri,110,1331,103,10,562.00,"Kumar, Mukesh ",Collection
388,30-Jul-13,49413619,PERSONAL LOAN - BL,710401,Cu B/D w/off w/o Prov-Spec Pri,110,1331,103,10,562.00,"Kumar, Mukesh ",Collection
389,30-Jul-13,49314106,PERSONAL LOAN - BL,710401,Cu B/D w/off w/o Prov-Spec Pri,110,1331,103,10,562.00,"Kumar, Mukesh ",Collection
390,30-Jul-13,49321005,PERSONAL LOAN - BL,710401,Cu B/D w/off w/o Prov-Spec Pri,110,1331,103,10,562.00,"Kumar, Mukesh ",Collection
391,30-Jul-13,49294164,PERSONAL LOAN - BL,710401,Cu B/D w/off w/o Prov-Spec Pri,110,1331,103,10,562.00,"Kumar, Mukesh ",Collection
392,30-Jul-13,49270761,PERSONAL LOAN - BL,710401,Cu B/D w/off w/o Prov-Spec Pri,110,1331,103,10,562.00,"Kumar, Mukesh ",Collection
393,30-Jul-13,49461648,PERSONAL LOAN - BL,710401,Cu B/D w/off w/o Prov-Spec Pri,110,1331,103,10,562.00,"Kumar, Mukesh ",Collection
394,30-Jul-13,49294385,PERSONAL LOAN - BL,710401,Cu B/D w/off w/o Prov-Spec Pri,110,1331,103,10,562.00,"Kumar, Mukesh ",Collection
395,30-Jul-13,49314785,PERSONAL LOAN - BL,710401,Cu B/D w/off w/o Prov-Spec Pri,110,1331,103,10,562.00,"Kumar, Mukesh ",Collection
396,30-Jul-13,49298275,PERSONAL LOAN - BL,710401,Cu B/D w/off w/o Prov-Spec Pri,110,1331,103,10,562.00,"Kumar, Mukesh ",Collection
397,30-Jul-13,49470353,PERSONAL LOAN - BL,710401,Cu B/D w/off w/o Prov-Spec Pri,110,1331,103,10,562.00,"Kumar, Mukesh ",Collection
398,30-Jul-13,49245384,PERSONAL LOAN - BL,710401,Cu B/D w/off w/o Prov-Spec Pri,110,1331,103,10,562.00,"Kumar, Mukesh ",Collection
399,30-Jul-13,49416456,PERSONAL LOAN - BL,710401,Cu B/D w/off w/o Prov-Spec Pri,110,1331,103,10,339.78,"Kumar, Mukesh ",Collection
400,30-Jul-13,49420429,PERSONAL LOAN - BL,710401,Cu B/D w/off w/o Prov-Spec Pri,110,1331,103,10,562.00,"Kumar, Mukesh ",Collection
401,30-Jul-13,49316273,PERSONAL LOAN - BL,710401,Cu B/D w/off w/o Prov-Spec Pri,110,1331,103,10,562.00,"Kumar, Mukesh ",Collection
402,30-Jul-13,49481312,PERSONAL LOAN - BL,710401,Cu B/D w/off w/o Prov-Spec Pri,110,1331,103,10,562.00,"Kumar, Mukesh ",Collection
403,30-Jul-13,49135619,PERSONAL LOAN - BL,710401,Cu B/D w/off w/o Prov-Spec Pri,110,1331,103,10,154.00,"Kumar, Mukesh ",Collection
404,30-Jul-13,49434683,PERSONAL LOAN - BL,710401,Cu B/D w/off w/o Prov-Spec Pri,110,1331,103,10,562.00,"Kumar, Mukesh ",Collection
405,30-Jul-13,49201999,PERSONAL LOAN - BL,710401,Cu B/D w/off w/o Prov-Spec Pri,110,1331,103,10,562.00,"Kumar, Mukesh ",Collection
406,30-Jul-13,49537539,PERSONAL LOAN - BL,710401,Cu B/D w/off w/o Prov-Spec Pri,110,1331,103,10,562.00,"Kumar, Mukesh ",Collection
407,30-Jul-13,49277456,PERSONAL LOAN - BL,710401,Cu B/D w/off w/o Prov-Spec Pri,110,1331,103,10,561.24,"Kumar, Mukesh ",Collection
408,30-Jul-13,49463314,PERSONAL LOAN - BL,710401,Cu B/D w/off w/o Prov-Spec Pri,110,1331,103,10,562.00,"Kumar, Mukesh ",Collection
409,30-Jul-13,49529668,PERSONAL LOAN - BL,710401,Cu B/D w/off w/o Prov-Spec Pri,110,1331,103,10,562.00,"Kumar, Mukesh ",Collection
410,30-Jul-13,49292196,PERSONAL LOAN - BL,710401,Cu B/D w/off w/o Prov-Spec Pri,110,1331,103,10,562.00,"Kumar, Mukesh ",Collection
411,30-Jul-13,49527428,PERSONAL LOAN - BL,710401,Cu B/D w/off w/o Prov-Spec Pri,110,1331,103,10,562.00,"Kumar, Mukesh ",Collection
412,30-Jul-13,49075667,PERSONAL LOAN - BL,710401,Cu B/D w/off w/o Prov-Spec Pri,110,1331,103,10,562.00,"Kumar, Mukesh ",Collection
413,30-Jul-13,49466003,PERSONAL LOAN - BL,710401,Cu B/D w/off w/o Prov-Spec Pri,110,1331,103,10,562.00,"Kumar, Mukesh ",Collection
414,30-Jul-13,49215442,PERSONAL LOAN - BL,710401,Cu B/D w/off w/o Prov-Spec Pri,110,1331,103,10,562.00,"Kumar, Mukesh ",Collection
415,30-Jul-13,49291726,PERSONAL LOAN - BL,710401,Cu B/D w/off w/o Prov-Spec Pri,110,1331,103,10,561.44,"Kumar, Mukesh ",Collection
416,30-Jul-13,49519522,PERSONAL LOAN - BL,710401,Cu B/D w/off w/o Prov-Spec Pri,110,1331,103,10,562.00,"Kumar, Mukesh ",Collection
417,30-Jul-13,49428527,PERSONAL LOAN - BL,710401,Cu B/D w/off w/o Prov-Spec Pri,110,1331,103,10,562.00,"Kumar, Mukesh ",Collection
418,30-Jul-13,49079727,PERSONAL LOAN - BL,710401,Cu B/D w/off w/o Prov-Spec Pri,110,1331,103,10,547.00,"Kumar, Mukesh ",Collection
419,30-Jul-13,49163426,PERSONAL LOAN - BL,710401,Cu B/D w/off w/o Prov-Spec Pri,110,1331,103,10,562.00,"Kumar, Mukesh ",Collection
420,30-Jul-13,49282883,PERSONAL LOAN - BL,710401,Cu B/D w/off w/o Prov-Spec Pri,110,1331,103,10,562.00,"Kumar, Mukesh ",Collection
421,30-Jul-13,49123327,PERSONAL LOAN - BL,710401,Cu B/D w/off w/o Prov-Spec Pri,110,1331,103,10,562.00,"Kumar, Mukesh ",Collection
422,30-Jul-13,49303678,PERSONAL LOAN - BL,710401,Cu B/D w/off w/o Prov-Spec Pri,110,1331,103,10,562.00,"Kumar, Mukesh ",Collection
423,30-Jul-13,49525743,PERSONAL LOAN - BL,710401,Cu B/D w/off w/o Prov-Spec Pri,110,1331,103,10,562.00,"Kumar, Mukesh ",Collection
424,30-Jul-13,49284762,PERSONAL LOAN - BL,710401,Cu B/D w/off w/o Prov-Spec Pri,110,1331,103,10,562.00,"Kumar, Mukesh ",Collection
425,30-Jul-13,49146173,PERSONAL LOAN - BL,710401,Cu B/D w/off w/o Prov-Spec Pri,110,1331,103,10,562.00,"Kumar, Mukesh ",Collection
426,30-Jul-13,49393081,PERSONAL LOAN - BL,710401,Cu B/D w/off w/o Prov-Spec Pri,110,1331,103,10,562.00,"Kumar, Mukesh ",Collection
427,30-Jul-13,49460692,PERSONAL LOAN - BL,710401,Cu B/D w/off w/o Prov-Spec Pri,110,1331,103,10,561.29,"Kumar, Mukesh ",Collection
428,30-Jul-13,49077147,PERSONAL LOAN - BL,710401,Cu B/D w/off w/o Prov-Spec Pri,110,1331,103,10,486.00,"Kumar, Mukesh ",Collection
429,30-Jul-13,49436694,PERSONAL LOAN - BL,710401,Cu B/D w/off w/o Prov-Spec Pri,110,1331,103,10,562.00,"Kumar, Mukesh ",Collection
430,30-Jul-13,49465384,PERSONAL LOAN - BL,710401,Cu B/D w/off w/o Prov-Spec Pri,110,1331,103,10,561.71,"Kumar, Mukesh ",Collection
431,30-Jul-13,49254987,PERSONAL LOAN - BL,710401,Cu B/D w/off w/o Prov-Spec Pri,110,1331,103,10,562.00,"Kumar, Mukesh ",Collection
432,30-Jul-13,49405659,PERSONAL LOAN - BL,710401,Cu B/D w/off w/o Prov-Spec Pri,110,1331,103,10,562.00,"Kumar, Mukesh ",Collection
433,30-Jul-13,49116371,PERSONAL LOAN - BL,710401,Cu B/D w/off w/o Prov-Spec Pri,110,1331,103,10,562.00,"Kumar, Mukesh ",Collection
434,30-Jul-13,49311352,PERSONAL LOAN - BL,710401,Cu B/D w/off w/o Prov-Spec Pri,110,1331,103,10,561.61,"Kumar, Mukesh ",Collection
435,30-Jul-13,49548131,PERSONAL LOAN - BL,710401,Cu B/D w/off w/o Prov-Spec Pri,110,1331,103,10,562.00,"Kumar, Mukesh ",Collection
436,30-Jul-13,49087371,PERSONAL LOAN - BL,710401,Cu B/D w/off w/o Prov-Spec Pri,110,1331,103,10,562.00,"Kumar, Mukesh ",Collection
437,30-Jul-13,49493647,PERSONAL LOAN - BL,710401,Cu B/D w/off w/o Prov-Spec Pri,110,1331,103,10,223.21,"Kumar, Mukesh ",Collection
438,30-Jul-13,49284592,PERSONAL LOAN - BL,710401,Cu B/D w/off w/o Prov-Spec Pri,110,1331,103,10,562.00,"Kumar, Mukesh ",Collection
439,30-Jul-13,49162845,PERSONAL LOAN - BL,710401,Cu B/D w/off w/o Prov-Spec Pri,110,1331,103,10,562.00,"Kumar, Mukesh ",Collection
440,30-Jul-13,49517872,PERSONAL LOAN - BL,710401,Cu B/D w/off w/o Prov-Spec Pri,110,1331,103,10,561.44,"Kumar, Mukesh ",Collection
441,30-Jul-13,49539825,PERSONAL LOAN - BL,710401,Cu B/D w/off w/o Prov-Spec Pri,110,1331,103,10,562.00,"Kumar, Mukesh ",Collection
442,30-Jul-13,49185098,PERSONAL LOAN - BL,710401,Cu B/D w/off w/o Prov-Spec Pri,110,1331,103,10,562.00,"Kumar, Mukesh ",Collection
443,30-Jul-13,49290525,PERSONAL LOAN - BL,710401,Cu B/D w/off w/o Prov-Spec Pri,110,1331,103,10,561.00,"Kumar, Mukesh ",Collection
444,30-Jul-13,49068431,PERSONAL LOAN - BL,710401,Cu B/D w/off w/o Prov-Spec Pri,110,1331,103,10,561.00,"Kumar, Mukesh ",Collection
445,30-Jul-13,49169602,PERSONAL LOAN - BL,710401,Cu B/D w/off w/o Prov-Spec Pri,110,1331,103,10,562.00,"Kumar, Mukesh ",Collection
446,30-Jul-13,49271156,PERSONAL LOAN - BL,710401,Cu B/D w/off w/o Prov-Spec Pri,110,1331,103,10,561.60,"Kumar, Mukesh ",Collection
447,30-Jul-13,49429876,PERSONAL LOAN - BL,710401,Cu B/D w/off w/o Prov-Spec Pri,110,1331,103,10,562.00,"Kumar, Mukesh ",Collection
448,30-Jul-13,49515772,PERSONAL LOAN - BL,710401,Cu B/D w/off w/o Prov-Spec Pri,110,1331,103,10,562.00,"Kumar, Mukesh ",Collection
449,30-Jul-13,49561286,PERSONAL LOAN - BL,710401,Cu B/D w/off w/o Prov-Spec Pri,110,1331,103,10,562.00,"Kumar, Mukesh ",Collection
450,30-Jul-13,49457446,PERSONAL LOAN - BL,710401,Cu B/D w/off w/o Prov-Spec Pri,110,1331,103,10,562.00,"Kumar, Mukesh ",Collection
451,30-Jul-13,49333402,PERSONAL LOAN - BL,710401,Cu B/D w/off w/o Prov-Spec Pri,110,1331,103,10,562.00,"Kumar, Mukesh ",Collection
452,30-Jul-13,49499882,PERSONAL LOAN - BL,710401,Cu B/D w/off w/o Prov-Spec Pri,110,1331,103,10,562.00,"Kumar, Mukesh ",Collection
453,30-Jul-13,49169076,PERSONAL LOAN - BL,710401,Cu B/D w/off w/o Prov-Spec Pri,110,1331,103,10,562.00,"Kumar, Mukesh ",Collection
454,30-Jul-13,49493523,PERSONAL LOAN - BL,710401,Cu B/D w/off w/o Prov-Spec Pri,110,1331,103,10,562.00,"Kumar, Mukesh ",Collection
455,30-Jul-13,49234242,PERSONAL LOAN - BL,710401,Cu B/D w/off w/o Prov-Spec Pri,110,1331,103,10,562.00,"Kumar, Mukesh ",Collection
456,30-Jul-13,49334808,PERSONAL LOAN - BL,710401,Cu B/D w/off w/o Prov-Spec Pri,110,1331,103,10,562.00,"Kumar, Mukesh ",Collection
457,30-Jul-13,49088378,PERSONAL LOAN - BL,710401,Cu B/D w/off w/o Prov-Spec Pri,110,1331,103,10,562.00,"Kumar, Mukesh ",Collection
458,30-Jul-13,49309439,PERSONAL LOAN - BL,710401,Cu B/D w/off w/o Prov-Spec Pri,110,1331,103,10,562.00,"Kumar, Mukesh ",Collection
459,30-Jul-13,49085085,PERSONAL LOAN - BL,710401,Cu B/D w/off w/o Prov-Spec Pri,110,1331,103,10,561.00,"Kumar, Mukesh ",Collection
460,30-Jul-13,49469622,PERSONAL LOAN - BL,710401,Cu B/D w/off w/o Prov-Spec Pri,110,1331,103,10,562.00,"Kumar, Mukesh ",Collection
461,30-Jul-13,49445006,PERSONAL LOAN - BL,710401,Cu B/D w/off w/o Prov-Spec Pri,110,1331,103,10,562.00,"Kumar, Mukesh ",Collection
462,30-Jul-13,49259121,PERSONAL LOAN - BL,710401,Cu B/D w/off w/o Prov-Spec Pri,110,1331,103,10,562.00,"Kumar, Mukesh ",Collection
463,30-Jul-13,49329715,PERSONAL LOAN - BL,710401,Cu B/D w/off w/o Prov-Spec Pri,110,1331,103,10,562.00,"Kumar, Mukesh ",Collection
464,30-Jul-13,49494511,PERSONAL LOAN - BL,710401,Cu B/D w/off w/o Prov-Spec Pri,110,1331,103,10,562.00,"Kumar, Mukesh ",Collection
465,30-Jul-13,49423525,PERSONAL LOAN - BL,710401,Cu B/D w/off w/o Prov-Spec Pri,110,1331,103,10,562.00,"Kumar, Mukesh ",Collection
466,30-Jul-13,49107399,PERSONAL LOAN - BL,710401,Cu B/D w/off w/o Prov-Spec Pri,110,1331,103,10,562.00,"Kumar, Mukesh ",Collection
467,30-Jul-13,49234641,PERSONAL LOAN - BL,710401,Cu B/D w/off w/o Prov-Spec Pri,110,1331,103,10,560.00,"Kumar, Mukesh ",Collection
468,30-Jul-13,49394959,PERSONAL LOAN - BL,710401,Cu B/D w/off w/o Prov-Spec Pri,110,1331,103,10,262.00,"Kumar, Mukesh ",Collection
469,30-Jul-13,49334689,PERSONAL LOAN - BL,710401,Cu B/D w/off w/o Prov-Spec Pri,110,1331,103,10,562.00,"Kumar, Mukesh ",Collection
470,30-Jul-13,49491822,PERSONAL LOAN - BL,710401,Cu B/D w/off w/o Prov-Spec Pri,110,1331,103,10,562.00,"Kumar, Mukesh ",Collection
471,30-Jul-13,49081055,PERSONAL LOAN - BL,710401,Cu B/D w/off w/o Prov-Spec Pri,110,1331,103,10,455.00,"Kumar, Mukesh ",Collection
472,30-Jul-13,49548069,PERSONAL LOAN - BL,710401,Cu B/D w/off w/o Prov-Spec Pri,110,1331,103,10,562.00,"Kumar, Mukesh ",Collection
473,30-Jul-13,49314998,PERSONAL LOAN - BL,710401,Cu B/D w/off w/o Prov-Spec Pri,110,1331,103,10,562.00,"Kumar, Mukesh ",Collection
474,30-Jul-13,49099108,PERSONAL LOAN - BL,710401,Cu B/D w/off w/o Prov-Spec Pri,110,1331,103,10,562.00,"Kumar, Mukesh ",Collection
475,30-Jul-13,49460595,PERSONAL LOAN - BL,710401,Cu B/D w/off w/o Prov-Spec Pri,110,1331,103,10,556.68,"Kumar, Mukesh ",Collection
476,30-Jul-13,49207253,PERSONAL LOAN - BL,710401,Cu B/D w/off w/o Prov-Spec Pri,110,1331,103,10,562.00,"Kumar, Mukesh ",Collection
477,30-Jul-13,49560867,PERSONAL LOAN - BL,710401,Cu B/D w/off w/o Prov-Spec Pri,110,1331,103,10,562.00,"Kumar, Mukesh ",Collection
478,30-Jul-13,49330438,PERSONAL LOAN - BL,710401,Cu B/D w/off w/o Prov-Spec Pri,110,1331,103,10,562.00,"Kumar, Mukesh ",Collection
479,30-Jul-13,49329774,PERSONAL LOAN - BL,710401,Cu B/D w/off w/o Prov-Spec Pri,110,1331,103,10,562.00,"Kumar, Mukesh ",Collection
480,30-Jul-13,49495186,PERSONAL LOAN - BL,710401,Cu B/D w/off w/o Prov-Spec Pri,110,1331,103,10,562.00,"Kumar, Mukesh ",Collection
481,30-Jul-13,49517767,PERSONAL LOAN - BL,710401,Cu B/D w/off w/o Prov-Spec Pri,110,1331,103,10,562.00,"Kumar, Mukesh ",Collection
482,30-Jul-13,49168029,PERSONAL LOAN - BL,710401,Cu B/D w/off w/o Prov-Spec Pri,110,1331,103,10,562.00,"Kumar, Mukesh ",Collection
483,30-Jul-13,49481355,PERSONAL LOAN - BL,710401,Cu B/D w/off w/o Prov-Spec Pri,110,1331,103,10,562.00,"Kumar, Mukesh ",Collection
484,30-Jul-13,49441051,PERSONAL LOAN - BL,710401,Cu B/D w/off w/o Prov-Spec Pri,110,1331,103,10,562.00,"Kumar, Mukesh ",Collection
485,30-Jul-13,49463691,PERSONAL LOAN - BL,710401,Cu B/D w/off w/o Prov-Spec Pri,110,1331,103,10,482.83,"Kumar, Mukesh ",Collection
486,30-Jul-13,49555081,PERSONAL LOAN - BL,710401,Cu B/D w/off w/o Prov-Spec Pri,110,1331,103,10,562.00,"Kumar, Mukesh ",Collection
487,30-Jul-13,49365878,PERSONAL LOAN - BL,710401,Cu B/D w/off w/o Prov-Spec Pri,110,1331,103,10,562.00,"Kumar, Mukesh ",Collection
488,30-Jul-13,49476238,PERSONAL LOAN - BL,710401,Cu B/D w/off w/o Prov-Spec Pri,110,1331,103,10,561.34,"Kumar, Mukesh ",Collection
489,30-Jul-13,49300989,PERSONAL LOAN - BL,710401,Cu B/D w/off w/o Prov-Spec Pri,110,1331,103,10,562.00,"Kumar, Mukesh ",Collection
490,30-Jul-13,49516523,PERSONAL LOAN - BL,710401,Cu B/D w/off w/o Prov-Spec Pri,110,1331,103,10,562.00,"Kumar, Mukesh ",Collection
491,30-Jul-13,49087894,PERSONAL LOAN - BL,710401,Cu B/D w/off w/o Prov-Spec Pri,110,1331,103,10,562.00,"Kumar, Mukesh ",Collection
492,30-Jul-13,49303546,PERSONAL LOAN - BL,710401,Cu B/D w/off w/o Prov-Spec Pri,110,1331,103,10,562.00,"Kumar, Mukesh ",Collection
493,30-Jul-13,49223968,PERSONAL LOAN - BL,710401,Cu B/D w/off w/o Prov-Spec Pri,110,1331,103,10,562.00,"Kumar, Mukesh ",Collection
494,30-Jul-13,49144278,PERSONAL LOAN - BL,710401,Cu B/D w/off w/o Prov-Spec Pri,110,1331,103,10,558.00,"Kumar, Mukesh ",Collection
495,30-Jul-13,49132075,PERSONAL LOAN - BL,710401,Cu B/D w/off w/o Prov-Spec Pri,110,1331,103,10,562.00,"Kumar, Mukesh ",Collection
496,30-Jul-13,49185047,PERSONAL LOAN - BL,710401,Cu B/D w/off w/o Prov-Spec Pri,110,1331,103,10,486.23,"Kumar, Mukesh ",Collection
497,30-Jul-13,49552457,PERSONAL LOAN - BL,710401,Cu B/D w/off w/o Prov-Spec Pri,110,1331,103,10,562.00,"Kumar, Mukesh ",Collection
498,30-Jul-13,49245899,PERSONAL LOAN - BL,710401,Cu B/D w/off w/o Prov-Spec Pri,110,1331,103,10,562.00,"Kumar, Mukesh ",Collection
499,30-Jul-13,49246798,PERSONAL LOAN - BL,710401,Cu B/D w/off w/o Prov-Spec Pri,110,1331,103,10,562.00,"Kumar, Mukesh ",Collection
500,30-Jul-13,49385259,PERSONAL LOAN - BL,710401,Cu B/D w/off w/o Prov-Spec Pri,110,1331,103,10,562.00,"Kumar, Mukesh ",Collection
501,30-Jul-13,49269747,PERSONAL LOAN - BL,710401,Cu B/D w/off w/o Prov-Spec Pri,110,1331,103,10,562.00,"Kumar, Mukesh ",Collection
502,30-Jul-13,49440969,PERSONAL LOAN - BL,710401,Cu B/D w/off w/o Prov-Spec Pri,110,1331,103,10,562.00,"Kumar, Mukesh ",Collection
503,30-Jul-13,49515861,PERSONAL LOAN - BL,710401,Cu B/D w/off w/o Prov-Spec Pri,110,1331,103,10,562.00,"Kumar, Mukesh ",Collection
504,30-Jul-13,49501275,PERSONAL LOAN - BL,710401,Cu B/D w/off w/o Prov-Spec Pri,110,1331,103,10,562.00,"Kumar, Mukesh ",Collection
505,30-Jul-13,49366637,PERSONAL LOAN - BL,710401,Cu B/D w/off w/o Prov-Spec Pri,110,1331,103,10,562.00,"Kumar, Mukesh ",Collection
506,30-Jul-13,49354175,PERSONAL LOAN - BL,710401,Cu B/D w/off w/o Prov-Spec Pri,110,1331,103,10,561.82,"Kumar, Mukesh ",Collection
507,30-Jul-13,49342657,PERSONAL LOAN - BL,710401,Cu B/D w/off w/o Prov-Spec Pri,110,1331,103,10,562.00,"Kumar, Mukesh ",Collection
508,30-Jul-13,49425056,PERSONAL LOAN - BL,710401,Cu B/D w/off w/o Prov-Spec Pri,110,1331,103,10,562.00,"Kumar, Mukesh ",Collection
509,30-Jul-13,49465392,PERSONAL LOAN - BL,710401,Cu B/D w/off w/o Prov-Spec Pri,110,1331,103,10,562.00,"Kumar, Mukesh ",Collection
510,30-Jul-13,49427059,PERSONAL LOAN - BL,710401,Cu B/D w/off w/o Prov-Spec Pri,110,1331,103,10,562.00,"Kumar, Mukesh ",Collection
511,30-Jul-13,49153129,PERSONAL LOAN - BL,710401,Cu B/D w/off w/o Prov-Spec Pri,110,1331,103,10,562.00,"Kumar, Mukesh ",Collection
512,30-Jul-13,49504274,PERSONAL LOAN - BL,710401,Cu B/D w/off w/o Prov-Spec Pri,110,1331,103,10,562.00,"Kumar, Mukesh ",Collection
513,30-Jul-13,49108336,PERSONAL LOAN - BL,710401,Cu B/D w/off w/o Prov-Spec Pri,110,1331,103,10,562.00,"Kumar, Mukesh ",Collection
514,30-Jul-13,49382535,PERSONAL LOAN - BL,710401,Cu B/D w/off w/o Prov-Spec Pri,110,1331,103,10,562.00,"Kumar, Mukesh ",Collection
515,30-Jul-13,49201883,PERSONAL LOAN - BL,710401,Cu B/D w/off w/o Prov-Spec Pri,110,1331,103,10,562.00,"Kumar, Mukesh ",Collection
516,30-Jul-13,49259377,PERSONAL LOAN - BL,710401,Cu B/D w/off w/o Prov-Spec Pri,110,1331,103,10,320.00,"Kumar, Mukesh ",Collection
517,30-Jul-13,49380354,PERSONAL LOAN - BL,710401,Cu B/D w/off w/o Prov-Spec Pri,110,1331,103,10,466.47,"Kumar, Mukesh ",Collection
518,30-Jul-13,49390511,PERSONAL LOAN - BL,710401,Cu B/D w/off w/o Prov-Spec Pri,110,1331,103,10,562.00,"Kumar, Mukesh ",Collection
519,30-Jul-13,49449591,PERSONAL LOAN - BL,710401,Cu B/D w/off w/o Prov-Spec Pri,110,1331,103,10,562.00,"Kumar, Mukesh ",Collection
520,30-Jul-13,49538543,PERSONAL LOAN - BL,710401,Cu B/D w/off w/o Prov-Spec Pri,110,1331,103,10,561.08,"Kumar, Mukesh ",Collection
521,30-Jul-13,49199617,PERSONAL LOAN - BL,710401,Cu B/D w/off w/o Prov-Spec Pri,110,1331,103,10,214.45,"Kumar, Mukesh ",Collection
522,30-Jul-13,49538799,PERSONAL LOAN - BL,710401,Cu B/D w/off w/o Prov-Spec Pri,110,1331,103,10,562.00,"Kumar, Mukesh ",Collection
523,30-Jul-13,49251546,PERSONAL LOAN - BL,710401,Cu B/D w/off w/o Prov-Spec Pri,110,1331,103,10,562.00,"Kumar, Mukesh ",Collection
524,30-Jul-13,49253034,PERSONAL LOAN - BL,710401,Cu B/D w/off w/o Prov-Spec Pri,110,1331,103,10,562.00,"Kumar, Mukesh ",Collection
525,30-Jul-13,49142232,PERSONAL LOAN - BL,710401,Cu B/D w/off w/o Prov-Spec Pri,110,1331,103,10,562.00,"Kumar, Mukesh ",Collection
526,30-Jul-13,49401386,PERSONAL LOAN - BL,710401,Cu B/D w/off w/o Prov-Spec Pri,110,1331,103,10,562.00,"Kumar, Mukesh ",Collection
527,30-Jul-13,49312421,PERSONAL LOAN - BL,710401,Cu B/D w/off w/o Prov-Spec Pri,110,1331,103,10,562.00,"Kumar, Mukesh ",Collection
528,30-Jul-13,49167693,PERSONAL LOAN - BL,710401,Cu B/D w/off w/o Prov-Spec Pri,110,1331,103,10,562.00,"Kumar, Mukesh ",Collection
529,30-Jul-13,49493043,PERSONAL LOAN - BL,710401,Cu B/D w/off w/o Prov-Spec Pri,110,1331,103,10,562.00,"Kumar, Mukesh ",Collection
530,30-Jul-13,49409263,PERSONAL LOAN - BL,710401,Cu B/D w/off w/o Prov-Spec Pri,110,1331,103,10,562.00,"Kumar, Mukesh ",Collection
531,30-Jul-13,49296612,PERSONAL LOAN - BL,710401,Cu B/D w/off w/o Prov-Spec Pri,110,1331,103,10,562.00,"Kumar, Mukesh ",Collection
532,30-Jul-13,49536648,PERSONAL LOAN - BL,710401,Cu B/D w/off w/o Prov-Spec Pri,110,1331,103,10,562.00,"Kumar, Mukesh ",Collection
533,30-Jul-13,49407341,PERSONAL LOAN - BL,710401,Cu B/D w/off w/o Prov-Spec Pri,110,1331,103,10,562.00,"Kumar, Mukesh ",Collection
534,30-Jul-13,49336126,PERSONAL LOAN - BL,710401,Cu B/D w/off w/o Prov-Spec Pri,110,1331,103,10,562.00,"Kumar, Mukesh ",Collection
535,30-Jul-13,49515411,PERSONAL LOAN - BL,710401,Cu B/D w/off w/o Prov-Spec Pri,110,1331,103,10,562.00,"Kumar, Mukesh ",Collection
536,30-Jul-13,49517449,PERSONAL LOAN - BL,710401,Cu B/D w/off w/o Prov-Spec Pri,110,1331,103,10,562.00,"Kumar, Mukesh ",Collection
537,30-Jul-13,49169122,PERSONAL LOAN - BL,710401,Cu B/D w/off w/o Prov-Spec Pri,110,1331,103,10,562.00,"Kumar, Mukesh ",Collection
538,30-Jul-13,49479784,PERSONAL LOAN - BL,710401,Cu B/D w/off w/o Prov-Spec Pri,110,1331,103,10,562.00,"Kumar, Mukesh ",Collection
539,30-Jul-13,49252666,PERSONAL LOAN - BL,710401,Cu B/D w/off w/o Prov-Spec Pri,110,1331,103,10,561.44,"Kumar, Mukesh ",Collection
540,30-Jul-13,49295004,PERSONAL LOAN - BL,710401,Cu B/D w/off w/o Prov-Spec Pri,110,1331,103,10,561.00,"Kumar, Mukesh ",Collection
541,30-Jul-13,49492853,PERSONAL LOAN - BL,710401,Cu B/D w/off w/o Prov-Spec Pri,110,1331,103,10,561.30,"Kumar, Mukesh ",Collection
542,30-Jul-13,49418254,PERSONAL LOAN - BL,710401,Cu B/D w/off w/o Prov-Spec Pri,110,1331,103,10,562.00,"Kumar, Mukesh ",Collection
543,30-Jul-13,49392573,PERSONAL LOAN - BL,710401,Cu B/D w/off w/o Prov-Spec Pri,110,1331,103,10,562.00,"Kumar, Mukesh ",Collection
544,30-Jul-13,49205196,PERSONAL LOAN - BL,710401,Cu B/D w/off w/o Prov-Spec Pri,110,1331,103,10,562.00,"Kumar, Mukesh ",Collection
545,30-Jul-13,49475347,PERSONAL LOAN - BL,710401,Cu B/D w/off w/o Prov-Spec Pri,110,1331,103,10,562.00,"Kumar, Mukesh ",Collection
546,30-Jul-13,49300229,PERSONAL LOAN - BL,710401,Cu B/D w/off w/o Prov-Spec Pri,110,1331,103,10,562.00,"Kumar, Mukesh ",Collection
547,30-Jul-13,49417797,PERSONAL LOAN - BL,710401,Cu B/D w/off w/o Prov-Spec Pri,110,1331,103,10,562.00,"Kumar, Mukesh ",Collection
548,30-Jul-13,49541986,PERSONAL LOAN - BL,710401,Cu B/D w/off w/o Prov-Spec Pri,110,1331,103,10,482.83,"Kumar, Mukesh ",Collection
549,30-Jul-13,49134043,PERSONAL LOAN - BL,710401,Cu B/D w/off w/o Prov-Spec Pri,110,1331,103,10,562.00,"Kumar, Mukesh ",Collection
550,30-Jul-13,49462032,PERSONAL LOAN - BL,710401,Cu B/D w/off w/o Prov-Spec Pri,110,1331,103,10,508.00,"Kumar, Mukesh ",Collection
551,30-Jul-13,49335766,PERSONAL LOAN - BL,710401,Cu B/D w/off w/o Prov-Spec Pri,110,1331,103,10,562.00,"Kumar, Mukesh ",Collection
552,30-Jul-13,49087851,PERSONAL LOAN - BL,710401,Cu B/D w/off w/o Prov-Spec Pri,110,1331,103,10,562.00,"Kumar, Mukesh ",Collection
553,30-Jul-13,49543016,PERSONAL LOAN - BL,710401,Cu B/D w/off w/o Prov-Spec Pri,110,1331,103,10,562.00,"Kumar, Mukesh ",Collection
554,30-Jul-13,49195271,PERSONAL LOAN - BL,710401,Cu B/D w/off w/o Prov-Spec Pri,110,1331,103,10,562.00,"Kumar, Mukesh ",Collection
555,30-Jul-13,49212664,PERSONAL LOAN - BL,710401,Cu B/D w/off w/o Prov-Spec Pri,110,1331,103,10,562.00,"Kumar, Mukesh ",Collection
556,30-Jul-13,49429086,PERSONAL LOAN - BL,710401,Cu B/D w/off w/o Prov-Spec Pri,110,1331,103,10,562.00,"Kumar, Mukesh ",Collection
557,30-Jul-13,49231723,PERSONAL LOAN - BL,710401,Cu B/D w/off w/o Prov-Spec Pri,110,1331,103,10,87.00,"Kumar, Mukesh ",Collection
558,30-Jul-13,49543822,PERSONAL LOAN - BL,710401,Cu B/D w/off w/o Prov-Spec Pri,110,1331,103,10,562.00,"Kumar, Mukesh ",Collection
559,30-Jul-13,49187775,PERSONAL LOAN - BL,710401,Cu B/D w/off w/o Prov-Spec Pri,110,1331,103,10,562.00,"Kumar, Mukesh ",Collection
560,30-Jul-13,49239597,PERSONAL LOAN - BL,710401,Cu B/D w/off w/o Prov-Spec Pri,110,1331,103,10,562.00,"Kumar, Mukesh ",Collection
561,30-Jul-13,49416138,PERSONAL LOAN - BL,710401,Cu B/D w/off w/o Prov-Spec Pri,110,1331,103,10,561.76,"Kumar, Mukesh ",Collection
562,30-Jul-13,49520717,PERSONAL LOAN - BL,710401,Cu B/D w/off w/o Prov-Spec Pri,110,1331,103,10,561.55,"Kumar, Mukesh ",Collection
563,30-Jul-13,49148737,PERSONAL LOAN - BL,710401,Cu B/D w/off w/o Prov-Spec Pri,110,1331,103,10,562.00,"Kumar, Mukesh ",Collection
564,30-Jul-13,49391917,PERSONAL LOAN - BL,710401,Cu B/D w/off w/o Prov-Spec Pri,110,1331,103,10,562.00,"Kumar, Mukesh ",Collection
565,30-Jul-13,49486411,PERSONAL LOAN - BL,710401,Cu B/D w/off w/o Prov-Spec Pri,110,1331,103,10,562.00,"Kumar, Mukesh ",Collection
566,30-Jul-13,49206664,PERSONAL LOAN - BL,710401,Cu B/D w/off w/o Prov-Spec Pri,110,1331,103,10,562.00,"Kumar, Mukesh ",Collection
567,30-Jul-13,49400924,PERSONAL LOAN - BL,710401,Cu B/D w/off w/o Prov-Spec Pri,110,1331,103,10,562.00,"Kumar, Mukesh ",Collection
568,30-Jul-13,49531093,PERSONAL LOAN - BL,710401,Cu B/D w/off w/o Prov-Spec Pri,110,1331,103,10,562.00,"Kumar, Mukesh ",Collection
569,30-Jul-13,49359304,PERSONAL LOAN - BL,710401,Cu B/D w/off w/o Prov-Spec Pri,110,1331,103,10,562.00,"Kumar, Mukesh ",Collection
570,30-Jul-13,49371827,PERSONAL LOAN - BL,710401,Cu B/D w/off w/o Prov-Spec Pri,110,1331,103,10,562.00,"Kumar, Mukesh ",Collection
571,30-Jul-13,49075802,PERSONAL LOAN - BL,710401,Cu B/D w/off w/o Prov-Spec Pri,110,1331,103,10,562.00,"Kumar, Mukesh ",Collection
572,30-Jul-13,49215426,PERSONAL LOAN - BL,710401,Cu B/D w/off w/o Prov-Spec Pri,110,1331,103,10,561.67,"Kumar, Mukesh ",Collection
573,30-Jul-13,49286358,PERSONAL LOAN - BL,710401,Cu B/D w/off w/o Prov-Spec Pri,110,1331,103,10,557.60,"Kumar, Mukesh ",Collection
574,30-Jul-13,49541897,PERSONAL LOAN - BL,710401,Cu B/D w/off w/o Prov-Spec Pri,110,1331,103,10,562.00,"Kumar, Mukesh ",Collection
575,30-Jul-13,49068334,PERSONAL LOAN - BL,710401,Cu B/D w/off w/o Prov-Spec Pri,110,1331,103,10,560.00,"Kumar, Mukesh ",Collection
576,30-Jul-13,49258524,PERSONAL LOAN - BL,710401,Cu B/D w/off w/o Prov-Spec Pri,110,1331,103,10,561.69,"Kumar, Mukesh ",Collection
577,30-Jul-13,49509292,PERSONAL LOAN - BL,710401,Cu B/D w/off w/o Prov-Spec Pri,110,1331,103,10,562.00,"Kumar, Mukesh ",Collection
578,30-Jul-13,49226398,PERSONAL LOAN - BL,710401,Cu B/D w/off w/o Prov-Spec Pri,110,1331,103,10,562.00,"Kumar, Mukesh ",Collection
579,30-Jul-13,49529951,PERSONAL LOAN - BL,710401,Cu B/D w/off w/o Prov-Spec Pri,110,1331,103,10,562.00,"Kumar, Mukesh ",Collection
580,30-Jul-13,49215701,PERSONAL LOAN - BL,710401,Cu B/D w/off w/o Prov-Spec Pri,110,1331,103,10,562.00,"Kumar, Mukesh ",Collection
581,30-Jul-13,49440349,PERSONAL LOAN - BL,710401,Cu B/D w/off w/o Prov-Spec Pri,110,1331,103,10,176.58,"Kumar, Mukesh ",Collection
582,30-Jul-13,49519891,PERSONAL LOAN - BL,710401,Cu B/D w/off w/o Prov-Spec Pri,110,1331,103,10,562.00,"Kumar, Mukesh ",Collection
583,30-Jul-13,49508377,PERSONAL LOAN - BL,710401,Cu B/D w/off w/o Prov-Spec Pri,110,1331,103,10,562.00,"Kumar, Mukesh ",Collection
584,30-Jul-13,49187015,PERSONAL LOAN - BL,710401,Cu B/D w/off w/o Prov-Spec Pri,110,1331,103,10,561.92,"Kumar, Mukesh ",Collection
585,30-Jul-13,49504533,PERSONAL LOAN - BL,710401,Cu B/D w/off w/o Prov-Spec Pri,110,1331,103,10,562.00,"Kumar, Mukesh ",Collection
586,30-Jul-13,49202111,PERSONAL LOAN - BL,710401,Cu B/D w/off w/o Prov-Spec Pri,110,1331,103,10,562.00,"Kumar, Mukesh ",Collection
587,30-Jul-13,49145746,PERSONAL LOAN - BL,710401,Cu B/D w/off w/o Prov-Spec Pri,110,1331,103,10,562.00,"Kumar, Mukesh ",Collection
588,30-Jul-13,49147994,PERSONAL LOAN - BL,710401,Cu B/D w/off w/o Prov-Spec Pri,110,1331,103,10,562.00,"Kumar, Mukesh ",Collection
589,30-Jul-13,49458558,PERSONAL LOAN - BL,710401,Cu B/D w/off w/o Prov-Spec Pri,110,1331,103,10,562.00,"Kumar, Mukesh ",Collection
590,30-Jul-13,49423991,PERSONAL LOAN - BL,710401,Cu B/D w/off w/o Prov-Spec Pri,110,1331,103,10,562.00,"Kumar, Mukesh ",Collection
591,30-Jul-13,49132946,PERSONAL LOAN - BL,710401,Cu B/D w/off w/o Prov-Spec Pri,110,1331,103,10,562.00,"Kumar, Mukesh ",Collection
592,30-Jul-13,49142003,PERSONAL LOAN - BL,710401,Cu B/D w/off w/o Prov-Spec Pri,110,1331,103,10,547.00,"Kumar, Mukesh ",Collection
593,30-Jul-13,49543199,PERSONAL LOAN - BL,710401,Cu B/D w/off w/o Prov-Spec Pri,110,1331,103,10,562.00,"Kumar, Mukesh ",Collection
594,30-Jul-13,49139347,PERSONAL LOAN - BL,710401,Cu B/D w/off w/o Prov-Spec Pri,110,1331,103,10,474.00,"Kumar, Mukesh ",Collection
595,30-Jul-13,49537482,PERSONAL LOAN - BL,710401,Cu B/D w/off w/o Prov-Spec Pri,110,1331,103,10,562.00,"Kumar, Mukesh ",Collection
596,30-Jul-13,49141678,PERSONAL LOAN - BL,710401,Cu B/D w/off w/o Prov-Spec Pri,110,1331,103,10,562.00,"Kumar, Mukesh ",Collection
597,30-Jul-13,49486691,PERSONAL LOAN - BL,710401,Cu B/D w/off w/o Prov-Spec Pri,110,1331,103,10,561.72,"Kumar, Mukesh ",Collection
598,30-Jul-13,49549456,PERSONAL LOAN - BL,710401,Cu B/D w/off w/o Prov-Spec Pri,110,1331,103,10,306.44,"Kumar, Mukesh ",Collection
599,30-Jul-13,49551582,PERSONAL LOAN - BL,710401,Cu B/D w/off w/o Prov-Spec Pri,110,1331,103,10,216.43,"Kumar, Mukesh ",Collection
600,30-Jul-13,49541765,PERSONAL LOAN - BL,710401,Cu B/D w/off w/o Prov-Spec Pri,110,1331,103,10,422.11,"Kumar, Mukesh ",Collection
601,30-Jul-13,49543377,PERSONAL LOAN - BL,710401,Cu B/D w/off w/o Prov-Spec Pri,110,1331,103,10,562.00,"Kumar, Mukesh ",Collection
602,30-Jul-13,49225367,PERSONAL LOAN - BL,710401,Cu B/D w/off w/o Prov-Spec Pri,110,1331,103,10,562.00,"Kumar, Mukesh ",Collection
603,30-Jul-13,49391143,PERSONAL LOAN - BL,710401,Cu B/D w/off w/o Prov-Spec Pri,110,1331,103,10,562.00,"Kumar, Mukesh ",Collection
604,30-Jul-13,49507648,PERSONAL LOAN - BL,710401,Cu B/D w/off w/o Prov-Spec Pri,110,1331,103,10,562.00,"Kumar, Mukesh ",Collection
605,30-Jul-13,49268619,PERSONAL LOAN - BL,710401,Cu B/D w/off w/o Prov-Spec Pri,110,1331,103,10,562.00,"Kumar, Mukesh ",Collection
606,30-Jul-13,49379615,PERSONAL LOAN - BL,710401,Cu B/D w/off w/o Prov-Spec Pri,110,1331,103,10,562.00,"Kumar, Mukesh ",Collection
607,30-Jul-13,49428144,PERSONAL LOAN - BL,710401,Cu B/D w/off w/o Prov-Spec Pri,110,1331,103,10,562.00,"Kumar, Mukesh ",Collection
608,30-Jul-13,49205277,PERSONAL LOAN - BL,710401,Cu B/D w/off w/o Prov-Spec Pri,110,1331,103,10,253.05,"Kumar, Mukesh ",Collection
609,30-Jul-13,49507206,PERSONAL LOAN - BL,710401,Cu B/D w/off w/o Prov-Spec Pri,110,1331,103,10,562.00,"Kumar, Mukesh ",Collection
610,30-Jul-13,49246186,PERSONAL LOAN - BL,710401,Cu B/D w/off w/o Prov-Spec Pri,110,1331,103,10,562.00,"Kumar, Mukesh ",Collection
611,30-Jul-13,49165356,PERSONAL LOAN - BL,710401,Cu B/D w/off w/o Prov-Spec Pri,110,1331,103,10,562.00,"Kumar, Mukesh ",Collection
612,30-Jul-13,49250876,PERSONAL LOAN - BL,710401,Cu B/D w/off w/o Prov-Spec Pri,110,1331,103,10,299.50,"Kumar, Mukesh ",Collection
613,30-Jul-13,49531271,PERSONAL LOAN - BL,710401,Cu B/D w/off w/o Prov-Spec Pri,110,1331,103,10,562.00,"Kumar, Mukesh ",Collection
614,30-Jul-13,49473328,PERSONAL LOAN - BL,710401,Cu B/D w/off w/o Prov-Spec Pri,110,1331,103,10,562.00,"Kumar, Mukesh ",Collection
615,30-Jul-13,49141139,PERSONAL LOAN - BL,710401,Cu B/D w/off w/o Prov-Spec Pri,110,1331,103,10,562.00,"Kumar, Mukesh ",Collection
616,30-Jul-13,49140752,PERSONAL LOAN - BL,710401,Cu B/D w/off w/o Prov-Spec Pri,110,1331,103,10,562.00,"Kumar, Mukesh ",Collection
617,30-Jul-13,49174371,PERSONAL LOAN - BL,710401,Cu B/D w/off w/o Prov-Spec Pri,110,1331,103,10,562.00,"Kumar, Mukesh ",Collection
618,30-Jul-13,49283596,PERSONAL LOAN - BL,710401,Cu B/D w/off w/o Prov-Spec Pri,110,1331,103,10,61.90,"Kumar, Mukesh ",Collection
619,30-Jul-13,49370251,PERSONAL LOAN - BL,710401,Cu B/D w/off w/o Prov-Spec Pri,110,1331,103,10,562.00,"Kumar, Mukesh ",Collection
620,30-Jul-13,49319426,PERSONAL LOAN - BL,710401,Cu B/D w/off w/o Prov-Spec Pri,110,1331,103,10,562.00,"Kumar, Mukesh ",Collection
621,30-Jul-13,49254383,PERSONAL LOAN - BL,710401,Cu B/D w/off w/o Prov-Spec Pri,110,1331,103,10,562.00,"Kumar, Mukesh ",Collection
622,30-Jul-13,49189387,PERSONAL LOAN - BL,710401,Cu B/D w/off w/o Prov-Spec Pri,110,1331,103,10,562.00,"Kumar, Mukesh ",Collection
623,30-Jul-13,49328581,PERSONAL LOAN - BL,710401,Cu B/D w/off w/o Prov-Spec Pri,110,1331,103,10,352.00,"Kumar, Mukesh ",Collection
624,30-Jul-13,49164406,PERSONAL LOAN - BL,710401,Cu B/D w/off w/o Prov-Spec Pri,110,1331,103,10,562.00,"Kumar, Mukesh ",Collection
625,30-Jul-13,49507079,PERSONAL LOAN - BL,710401,Cu B/D w/off w/o Prov-Spec Pri,110,1331,103,10,562.00,"Kumar, Mukesh ",Collection
626,30-Jul-13,49203614,PERSONAL LOAN - BL,710401,Cu B/D w/off w/o Prov-Spec Pri,110,1331,103,10,562.00,"Kumar, Mukesh ",Collection
627,30-Jul-13,49212729,PERSONAL LOAN - BL,710401,Cu B/D w/off w/o Prov-Spec Pri,110,1331,103,10,562.00,"Kumar, Mukesh ",Collection
628,30-Jul-13,49523597,PERSONAL LOAN - BL,710401,Cu B/D w/off w/o Prov-Spec Pri,110,1331,103,10,476.00,"Kumar, Mukesh ",Collection
629,30-Jul-13,49254936,PERSONAL LOAN - BL,710401,Cu B/D w/off w/o Prov-Spec Pri,110,1331,103,10,362.00,"Kumar, Mukesh ",Collection
630,30-Jul-13,49530909,PERSONAL LOAN - BL,710401,Cu B/D w/off w/o Prov-Spec Pri,110,1331,103,10,562.00,"Kumar, Mukesh ",Collection
631,30-Jul-13,49264109,PERSONAL LOAN - BL,710401,Cu B/D w/off w/o Prov-Spec Pri,110,1331,103,10,562.00,"Kumar, Mukesh ",Collection
632,30-Jul-13,49137034,PERSONAL LOAN - BL,710401,Cu B/D w/off w/o Prov-Spec Pri,110,1331,103,10,562.00,"Kumar, Mukesh ",Collection
633,30-Jul-13,49475258,PERSONAL LOAN - BL,710401,Cu B/D w/off w/o Prov-Spec Pri,110,1331,103,10,562.00,"Kumar, Mukesh ",Collection
634,30-Jul-13,49504266,PERSONAL LOAN - BL,710401,Cu B/D w/off w/o Prov-Spec Pri,110,1331,103,10,562.00,"Kumar, Mukesh ",Collection
635,30-Jul-13,49390872,PERSONAL LOAN - BL,710401,Cu B/D w/off w/o Prov-Spec Pri,110,1331,103,10,562.00,"Kumar, Mukesh ",Collection
636,30-Jul-13,49451839,PERSONAL LOAN - BL,710401,Cu B/D w/off w/o Prov-Spec Pri,110,1331,103,10,562.00,"Kumar, Mukesh ",Collection
637,30-Jul-13,49453904,PERSONAL LOAN - BL,710401,Cu B/D w/off w/o Prov-Spec Pri,110,1331,103,10,562.00,"Kumar, Mukesh ",Collection
638,30-Jul-13,49170023,PERSONAL LOAN - BL,710401,Cu B/D w/off w/o Prov-Spec Pri,110,1331,103,10,562.00,"Kumar, Mukesh ",Collection
639,30-Jul-13,49364928,PERSONAL LOAN - BL,710401,Cu B/D w/off w/o Prov-Spec Pri,110,1331,103,10,562.00,"Kumar, Mukesh ",Collection
640,30-Jul-13,49128264,PERSONAL LOAN - BL,710401,Cu B/D w/off w/o Prov-Spec Pri,110,1331,103,10,562.00,"Kumar, Mukesh ",Collection
641,30-Jul-13,49128787,PERSONAL LOAN - BL,710401,Cu B/D w/off w/o Prov-Spec Pri,110,1331,103,10,562.00,"Kumar, Mukesh ",Collection
642,30-Jul-13,49128574,PERSONAL LOAN - BL,710401,Cu B/D w/off w/o Prov-Spec Pri,110,1331,103,10,562.00,"Kumar, Mukesh ",Collection
643,30-Jul-13,49250019,PERSONAL LOAN - BL,710401,Cu B/D w/off w/o Prov-Spec Pri,110,1331,103,10,562.00,"Kumar, Mukesh ",Collection
644,30-Jul-13,49451782,PERSONAL LOAN - BL,710401,Cu B/D w/off w/o Prov-Spec Pri,110,1331,103,10,562.00,"Kumar, Mukesh ",Collection
645,30-Jul-13,49502808,PERSONAL LOAN - BL,710401,Cu B/D w/off w/o Prov-Spec Pri,110,1331,103,10,562.00,"Kumar, Mukesh ",Collection
646,30-Jul-13,49187651,PERSONAL LOAN - BL,710401,Cu B/D w/off w/o Prov-Spec Pri,110,1331,103,10,562.00,"Kumar, Mukesh ",Collection
647,30-Jul-13,49526227,PERSONAL LOAN - BL,710401,Cu B/D w/off w/o Prov-Spec Pri,110,1331,103,10,562.00,"Kumar, Mukesh ",Collection
648,30-Jul-13,49202669,PERSONAL LOAN - BL,710401,Cu B/D w/off w/o Prov-Spec Pri,110,1331,103,10,562.00,"Kumar, Mukesh ",Collection
649,30-Jul-13,49488384,PERSONAL LOAN - BL,710401,Cu B/D w/off w/o Prov-Spec Pri,110,1331,103,10,562.00,"Kumar, Mukesh ",Collection
650,30-Jul-13,49464434,PERSONAL LOAN - BL,710401,Cu B/D w/off w/o Prov-Spec Pri,110,1331,103,10,562.00,"Kumar, Mukesh ",Collection
651,30-Jul-13,49128523,PERSONAL LOAN - BL,710401,Cu B/D w/off w/o Prov-Spec Pri,110,1331,103,10,562.00,"Kumar, Mukesh ",Collection
652,30-Jul-13,49129007,PERSONAL LOAN - BL,710401,Cu B/D w/off w/o Prov-Spec Pri,110,1331,103,10,562.00,"Kumar, Mukesh ",Collection
653,30-Jul-13,49125613,PERSONAL LOAN - BL,710401,Cu B/D w/off w/o Prov-Spec Pri,110,1331,103,10,561.82,"Kumar, Mukesh ",Collection
654,30-Jul-13,49131494,PERSONAL LOAN - BL,710401,Cu B/D w/off w/o Prov-Spec Pri,110,1331,103,10,558.08,"Kumar, Mukesh ",Collection
655,30-Jul-13,49494708,PERSONAL LOAN - BL,710401,Cu B/D w/off w/o Prov-Spec Pri,110,1331,103,10,475.36,"Kumar, Mukesh ",Collection
656,30-Jul-13,49126563,PERSONAL LOAN - BL,710401,Cu B/D w/off w/o Prov-Spec Pri,110,1331,103,10,385.24,"Kumar, Mukesh ",Collection
657,30-Jul-13,49241893,PERSONAL LOAN - BL,710401,Cu B/D w/off w/o Prov-Spec Pri,110,1331,103,10,313.48,"Kumar, Mukesh ",Collection
658,30-Jul-13,49156942,PERSONAL LOAN - BL,710401,Cu B/D w/off w/o Prov-Spec Pri,110,1331,103,10,25.32,"Kumar, Mukesh ",Collection
659,30-Jul-13,48475467,PERSONAL LOAN,710401,Cu B/D w/off w/o Prov-Spec Pri,110,1211,800,10,4153.22,"Vatturi, Krishnapriya ",Ccu
660,30-Jul-13,49570331,HOME LOAN,710461,Cu B/D w/off w/o Pro-Spec-Oth,170,1251,800,10,557.00,"Godiwala, Hemali ",Ccu
661,30-Jul-13,48403474,SME BIL,710461,Cu B/D w/off w/o Pro-Spec-Oth,110,1114,800,25,1444.38,"Godiwala, Hemali ",Ccu
662,30-Jul-13,41998324,HOME SAVER,710461,Cu B/D w/off w/o Pro-Spec-Oth,172,1251,800,10,471.42,"Navis, Jagan ",Ccu
663,30-Jul-13,48727369,SME BIL,710461,Cu B/D w/off w/o Pro-Spec-Oth,110,1114,800,25,190.22,"Navis, Jagan ",Ccu
664,30-Jul-13,48182478,LAP-RES-NR,710461,Cu B/D w/off w/o Pro-Spec-Oth,170,1251,800,10,2277.44,"Kumar, Mukesh ",Collection
665,30-Jul-13,47689617,LACP,710461,Cu B/D w/off w/o Pro-Spec-Oth,171,1251,800,10,2137.61,"Kumar, Mukesh ",Collection
666,30-Jul-13,48834173,HOME LOAN,710461,Cu B/D w/off w/o Pro-Spec-Oth,170,1251,800,10,0.60,"Godiwala, Hemali ",Ccu
667,31-Jul-13,49055852,SMELAPRESEBITDA,710401,Cu B/D w/off w/o Prov-Spec Pri,204,1111,800,26,1855.84,"Navis, Jagan ",Ccu
668,31-Jul-13,49323245,PERSONAL LOAN - BL,710401,Cu B/D w/off w/o Prov-Spec Pri,110,1331,103,10,518.00,"Kumar, Mukesh ",Collection
669,31-Jul-13,49313177,PERSONAL LOAN - BL,710401,Cu B/D w/off w/o Prov-Spec Pri,110,1331,103,10,562.00,"Kumar, Mukesh ",Collection
670,31-Jul-13,49344323,PERSONAL LOAN - BL,710401,Cu B/D w/off w/o Prov-Spec Pri,110,1331,103,10,511.00,"Kumar, Mukesh ",Collection
671,31-Jul-13,49326503,PERSONAL LOAN - BL,710401,Cu B/D w/off w/o Prov-Spec Pri,110,1331,103,10,562.00,"Kumar, Mukesh ",Collection
672,31-Jul-13,49300539,PERSONAL LOAN - BL,710401,Cu B/D w/off w/o Prov-Spec Pri,110,1331,103,10,480.00,"Kumar, Mukesh ",Collection
673,31-Jul-13,49262513,PERSONAL LOAN - BL,710401,Cu B/D w/off w/o Prov-Spec Pri,110,1331,103,10,561.95,"Kumar, Mukesh ",Collection
674,31-Jul-13,49426486,PERSONAL LOAN - BL,710401,Cu B/D w/off w/o Prov-Spec Pri,110,1211,725,10,562.00,"Kumar, Mukesh ",Collection
675,31-Jul-13,49443801,PERSONAL LOAN - BL,710401,Cu B/D w/off w/o Prov-Spec Pri,110,1331,103,10,562.00,"Kumar, Mukesh ",Collection
676,31-Jul-13,49243071,PERSONAL LOAN - BL,710401,Cu B/D w/off w/o Prov-Spec Pri,110,1331,103,10,562.00,"Kumar, Mukesh ",Collection
677,31-Jul-13,49260162,PERSONAL LOAN - BL,710401,Cu B/D w/off w/o Prov-Spec Pri,110,1331,103,10,562.00,"Kumar, Mukesh ",Collection
678,31-Jul-13,49163671,PERSONAL LOAN - BL,710401,Cu B/D w/off w/o Prov-Spec Pri,110,1211,725,10,562.00,"Kumar, Mukesh ",Collection
679,31-Jul-13,49561197,PERSONAL LOAN - BL,710401,Cu B/D w/off w/o Prov-Spec Pri,110,1331,103,10,562.00,"Kumar, Mukesh ",Collection
680,31-Jul-13,49230964,PERSONAL LOAN - BL,710401,Cu B/D w/off w/o Prov-Spec Pri,110,1331,103,10,562.00,"Kumar, Mukesh ",Collection
681,31-Jul-13,49272756,PERSONAL LOAN - BL,710401,Cu B/D w/off w/o Prov-Spec Pri,110,1331,103,10,562.00,"Kumar, Mukesh ",Collection
682,31-Jul-13,49219391,PERSONAL LOAN - BL,710401,Cu B/D w/off w/o Prov-Spec Pri,110,1331,103,10,358.00,"Kumar, Mukesh ",Collection
683,31-Jul-13,49158872,PERSONAL LOAN - BL,710401,Cu B/D w/off w/o Prov-Spec Pri,110,1211,725,10,562.00,"Kumar, Mukesh ",Collection
684,31-Jul-13,49126385,PERSONAL LOAN - BL,710401,Cu B/D w/off w/o Prov-Spec Pri,110,1331,103,10,111.00,"Kumar, Mukesh ",Collection
685,31-Jul-13,49277308,PERSONAL LOAN - BL,710401,Cu B/D w/off w/o Prov-Spec Pri,110,1331,103,10,561.80,"Kumar, Mukesh ",Collection
686,31-Jul-13,49268538,PERSONAL LOAN - BL,710401,Cu B/D w/off w/o Prov-Spec Pri,110,1331,103,10,434.00,"Kumar, Mukesh ",Collection
687,31-Jul-13,49254979,PERSONAL LOAN - BL,710401,Cu B/D w/off w/o Prov-Spec Pri,110,1331,103,10,562.00,"Kumar, Mukesh ",Collection
688,31-Jul-13,49188127,PERSONAL LOAN - BL,710401,Cu B/D w/off w/o Prov-Spec Pri,110,1331,103,10,524.00,"Kumar, Mukesh ",Collection
689,31-Jul-13,49187473,PERSONAL LOAN - BL,710401,Cu B/D w/off w/o Prov-Spec Pri,110,1331,103,10,562.00,"Kumar, Mukesh ",Collection
690,31-Jul-13,49202073,PERSONAL LOAN - BL,710401,Cu B/D w/off w/o Prov-Spec Pri,110,1331,103,10,524.00,"Kumar, Mukesh ",Collection
691,31-Jul-13,49384007,PERSONAL LOAN - BL,710401,Cu B/D w/off w/o Prov-Spec Pri,110,1331,103,10,562.00,"Kumar, Mukesh ",Collection
692,31-Jul-13,49334476,PERSONAL LOAN - BL,710401,Cu B/D w/off w/o Prov-Spec Pri,110,1331,103,10,562.00,"Kumar, Mukesh ",Collection
693,31-Jul-13,49242008,PERSONAL LOAN - BL,710401,Cu B/D w/off w/o Prov-Spec Pri,110,1331,103,10,524.00,"Kumar, Mukesh ",Collection
694,31-Jul-13,49278339,PERSONAL LOAN - BL,710401,Cu B/D w/off w/o Prov-Spec Pri,110,1331,103,10,559.00,"Kumar, Mukesh ",Collection
695,31-Jul-13,49164597,PERSONAL LOAN - BL,710401,Cu B/D w/off w/o Prov-Spec Pri,110,1211,725,10,562.00,"Kumar, Mukesh ",Collection
696,31-Jul-13,49452169,PERSONAL LOAN - BL,710401,Cu B/D w/off w/o Prov-Spec Pri,110,1211,725,10,562.00,"Kumar, Mukesh ",Collection
697,31-Jul-13,49470809,PERSONAL LOAN - BL,710401,Cu B/D w/off w/o Prov-Spec Pri,110,1331,103,10,562.00,"Kumar, Mukesh ",Collection
698,31-Jul-13,49078402,PERSONAL LOAN - BL,710401,Cu B/D w/off w/o Prov-Spec Pri,110,1331,103,10,562.00,"Kumar, Mukesh ",Collection
699,31-Jul-13,49079816,PERSONAL LOAN - BL,710401,Cu B/D w/off w/o Prov-Spec Pri,110,1331,103,10,562.00,"Kumar, Mukesh ",Collection
700,31-Jul-13,49130838,PERSONAL LOAN - BL,710401,Cu B/D w/off w/o Prov-Spec Pri,110,1331,103,10,562.00,"Kumar, Mukesh ",Collection
701,31-Jul-13,49464205,PERSONAL LOAN - BL,710401,Cu B/D w/off w/o Prov-Spec Pri,110,1331,103,10,562.00,"Kumar, Mukesh ",Collection
702,31-Jul-13,49449001,PERSONAL LOAN - BL,710401,Cu B/D w/off w/o Prov-Spec Pri,110,1331,103,10,562.00,"Kumar, Mukesh ",Collection
703,31-Jul-13,49432826,PERSONAL LOAN - BL,710401,Cu B/D w/off w/o Prov-Spec Pri,110,1331,103,10,562.00,"Kumar, Mukesh ",Collection
704,31-Jul-13,49420526,PERSONAL LOAN - BL,710401,Cu B/D w/off w/o Prov-Spec Pri,110,1331,103,10,562.00,"Kumar, Mukesh ",Collection
705,31-Jul-13,49419978,PERSONAL LOAN - BL,710401,Cu B/D w/off w/o Prov-Spec Pri,110,1331,103,10,562.00,"Kumar, Mukesh ",Collection
706,31-Jul-13,49403907,PERSONAL LOAN - BL,710401,Cu B/D w/off w/o Prov-Spec Pri,110,1331,103,10,562.00,"Kumar, Mukesh ",Collection
707,31-Jul-13,49121707,PERSONAL LOAN - BL,710401,Cu B/D w/off w/o Prov-Spec Pri,110,1331,103,10,562.00,"Kumar, Mukesh ",Collection
708,31-Jul-13,49474073,PERSONAL LOAN - BL,710401,Cu B/D w/off w/o Prov-Spec Pri,110,1331,103,10,562.00,"Kumar, Mukesh ",Collection
709,31-Jul-13,49468197,PERSONAL LOAN - BL,710401,Cu B/D w/off w/o Prov-Spec Pri,110,1331,103,10,562.00,"Kumar, Mukesh ",Collection
710,31-Jul-13,49467476,PERSONAL LOAN - BL,710401,Cu B/D w/off w/o Prov-Spec Pri,110,1331,103,10,562.00,"Kumar, Mukesh ",Collection
711,31-Jul-13,49156705,PERSONAL LOAN - BL,710401,Cu B/D w/off w/o Prov-Spec Pri,110,1211,725,10,562.00,"Kumar, Mukesh ",Collection
712,31-Jul-13,49452452,PERSONAL LOAN - BL,710401,Cu B/D w/off w/o Prov-Spec Pri,110,1331,103,10,562.00,"Kumar, Mukesh ",Collection
713,31-Jul-13,49468251,PERSONAL LOAN - BL,710401,Cu B/D w/off w/o Prov-Spec Pri,110,1331,103,10,562.00,"Kumar, Mukesh ",Collection
714,31-Jul-13,49071785,PERSONAL LOAN - BL,710401,Cu B/D w/off w/o Prov-Spec Pri,110,1331,103,10,562.00,"Kumar, Mukesh ",Collection
715,31-Jul-13,49134922,PERSONAL LOAN - BL,710401,Cu B/D w/off w/o Prov-Spec Pri,110,1331,103,10,562.00,"Kumar, Mukesh ",Collection
716,31-Jul-13,49432044,PERSONAL LOAN - BL,710401,Cu B/D w/off w/o Prov-Spec Pri,110,1331,103,10,562.00,"Kumar, Mukesh ",Collection
717,31-Jul-13,49146149,PERSONAL LOAN - BL,710401,Cu B/D w/off w/o Prov-Spec Pri,110,1331,103,10,562.00,"Kumar, Mukesh ",Collection
718,31-Jul-13,49424947,PERSONAL LOAN - BL,710401,Cu B/D w/off w/o Prov-Spec Pri,110,1331,103,10,562.00,"Kumar, Mukesh ",Collection
719,31-Jul-13,49401203,PERSONAL LOAN - BL,710401,Cu B/D w/off w/o Prov-Spec Pri,110,1331,103,10,562.00,"Kumar, Mukesh ",Collection
720,31-Jul-13,49475975,PERSONAL LOAN - BL,710401,Cu B/D w/off w/o Prov-Spec Pri,110,1331,103,10,562.00,"Kumar, Mukesh ",Collection
721,31-Jul-13,49456385,PERSONAL LOAN - BL,710401,Cu B/D w/off w/o Prov-Spec Pri,110,1331,103,10,562.00,"Kumar, Mukesh ",Collection
722,31-Jul-13,49420615,PERSONAL LOAN - BL,710401,Cu B/D w/off w/o Prov-Spec Pri,110,1331,103,10,562.00,"Kumar, Mukesh ",Collection
723,31-Jul-13,49406728,PERSONAL LOAN - BL,710401,Cu B/D w/off w/o Prov-Spec Pri,110,1331,103,10,562.00,"Kumar, Mukesh ",Collection
724,31-Jul-13,49130579,PERSONAL LOAN - BL,710401,Cu B/D w/off w/o Prov-Spec Pri,110,1331,103,10,562.00,"Kumar, Mukesh ",Collection
725,31-Jul-13,49479237,PERSONAL LOAN - BL,710401,Cu B/D w/off w/o Prov-Spec Pri,110,1331,103,10,562.00,"Kumar, Mukesh ",Collection
726,31-Jul-13,48969265,PERSONAL LOAN,710401,Cu B/D w/off w/o Prov-Spec Pri,110,1211,800,10,267.43,"Navis, Jagan ",Ccu
727,31-Jul-13,49027905,PERSONAL LOAN,710401,Cu B/D w/off w/o Prov-Spec Pri,110,1211,800,10,820.22,"Godiwala, Hemali ",Ccu
728,31-Jul-13,49062573,PERSONAL LOAN,710401,Cu B/D w/off w/o Prov-Spec Pri,110,1211,800,10,367.21,"Godiwala, Hemali ",Ccu
729,31-Jul-13,49040308,PERSONAL LOAN,710401,Cu B/D w/off w/o Prov-Spec Pri,110,1211,800,10,203.66,"Godiwala, Hemali ",Ccu
730,31-Jul-13,48966401,PERSONAL LOAN,710401,Cu B/D w/off w/o Prov-Spec Pri,110,1211,800,10,99.53,"Godiwala, Hemali ",Ccu
731,31-Jul-13,49028286,PERSONAL LOAN,710401,Cu B/D w/off w/o Prov-Spec Pri,110,1211,800,10,145.80,"Godiwala, Hemali ",Ccu
732,31-Jul-13,48893609,PERSONAL LOAN,710401,Cu B/D w/off w/o Prov-Spec Pri,110,1211,800,10,83.06,"Godiwala, Hemali ",Ccu
733,31-Jul-13,49027298,PERSONAL LOAN,710401,Cu B/D w/off w/o Prov-Spec Pri,110,1211,800,10,175.05,"Godiwala, Hemali ",Ccu
734,31-Jul-13,48029041,PERSONAL LOAN,710401,Cu B/D w/off w/o Prov-Spec Pri,110,1211,800,10,310.59,"Godiwala, Hemali ",Ccu
735,31-Jul-13,48657808,PERSONAL LOAN,710401,Cu B/D w/off w/o Prov-Spec Pri,110,1211,800,10,111.62,"Godiwala, Hemali ",Ccu
736,31-Jul-13,48596183,PERSONAL LOAN,710401,Cu B/D w/off w/o Prov-Spec Pri,110,1211,800,10,119.69,"Godiwala, Hemali ",Ccu
737,31-Jul-13,48349917,PERSONAL LOAN,710401,Cu B/D w/off w/o Prov-Spec Pri,110,1211,800,10,294.64,"Godiwala, Hemali ",Ccu
738,31-Jul-13,48775207,PERSONAL LOAN,710401,Cu B/D w/off w/o Prov-Spec Pri,110,1211,800,10,687.87,"Godiwala, Hemali ",Ccu
739,31-Jul-13,49021222,PERSONAL LOAN,710401,Cu B/D w/off w/o Prov-Spec Pri,110,1211,800,10,1153.71,"Godiwala, Hemali ",Ccu
740,31-Jul-13,48905011,PERSONAL LOAN,710401,Cu B/D w/off w/o Prov-Spec Pri,110,1211,800,10,108.47,"Godiwala, Hemali ",Ccu
741,31-Jul-13,48863521,PERSONAL LOAN,710401,Cu B/D w/off w/o Prov-Spec Pri,110,1211,800,10,141.46,"Godiwala, Hemali ",Ccu
742,31-Jul-13,49018914,PERSONAL LOAN,710401,Cu B/D w/off w/o Prov-Spec Pri,110,1211,800,10,248.69,"Godiwala, Hemali ",Ccu
743,31-Jul-13,48719013,PERSONAL LOAN,710401,Cu B/D w/off w/o Prov-Spec Pri,110,1211,800,10,405.03,"Godiwala, Hemali ",Ccu
744,31-Jul-13,48284696,PERSONAL LOAN,710401,Cu B/D w/off w/o Prov-Spec Pri,110,1211,800,10,681.22,"Godiwala, Hemali ",Ccu
745,31-Jul-13,49024019,PERSONAL LOAN,710401,Cu B/D w/off w/o Prov-Spec Pri,110,1211,800,10,140.34,"Godiwala, Hemali ",Ccu
746,31-Jul-13,49029533,PERSONAL LOAN,710401,Cu B/D w/off w/o Prov-Spec Pri,110,1211,800,10,259.95,"Godiwala, Hemali ",Ccu
747,31-Jul-13,48961868,PERSONAL LOAN,710401,Cu B/D w/off w/o Prov-Spec Pri,110,1211,800,10,274.00,"Godiwala, Hemali ",Ccu
748,31-Jul-13,48995029,PERSONAL LOAN,710401,Cu B/D w/off w/o Prov-Spec Pri,110,1211,800,10,116.08,"Godiwala, Hemali ",Ccu
749,31-Jul-13,49023993,PERSONAL LOAN,710401,Cu B/D w/off w/o Prov-Spec Pri,110,1211,800,10,121.85,"Godiwala, Hemali ",Ccu
750,31-Jul-13,48125911,PERSONAL LOAN,710401,Cu B/D w/off w/o Prov-Spec Pri,110,1211,800,10,395.99,"Godiwala, Hemali ",Ccu
751,31-Jul-13,48395552,PERSONAL LOAN,710401,Cu B/D w/off w/o Prov-Spec Pri,110,1211,800,10,314.69,"Godiwala, Hemali ",Ccu
752,31-Jul-13,48731072,SME BIL,710461,Cu B/D w/off w/o Pro-Spec-Oth,110,1114,800,26,2248.57,"Amuthavel, Chinnammai ",Ccu
753,31-Jul-13,48291765,LACP,710461,Cu B/D w/off w/o Pro-Spec-Oth,170,1251,800,10,1928.32,"Godiwala, Hemali ",Ccu
754,31-Jul-13,43398588,HOME LOAN,710461,Cu B/D w/off w/o Pro-Spec-Oth,170,1251,800,10,885.90,"Godiwala, Hemali ",Ccu
755,31-Jul-13,43118178,HOME LOAN,710461,Cu B/D w/off w/o Pro-Spec-Oth,170,1251,800,10,386.72,"Godiwala, Hemali ",Ccu
756,31-Jul-13,43312128,HOME LOAN,710461,Cu B/D w/off w/o Pro-Spec-Oth,170,1251,800,10,142.93,"Godiwala, Hemali ",Ccu
757,31-Jul-13,42506697,HOME LOAN,710461,Cu B/D w/off w/o Pro-Spec-Oth,170,1251,800,10,621.23,"Godiwala, Hemali ",Ccu
758,31-Jul-13,48722898,HOME LOAN,710461,Cu B/D w/off w/o Pro-Spec-Oth,170,1251,800,10,568.25,"Godiwala, Hemali ",Ccu
759,31-Jul-13,48866628,HOME LOAN,710461,Cu B/D w/off w/o Pro-Spec-Oth,170,1251,800,10,844.39,"Godiwala, Hemali ",Ccu
760,31-Jul-13,42887801,HOME LOAN,710461,Cu B/D w/off w/o Pro-Spec-Oth,170,1251,800,10,406.23,"Godiwala, Hemali ",Ccu
761,31-Jul-13,42560055,HOME LOAN,710461,Cu B/D w/off w/o Pro-Spec-Oth,170,1251,800,10,609.47,"Godiwala, Hemali ",Ccu
762,31-Jul-13,48531804,HOME LOAN,710461,Cu B/D w/off w/o Pro-Spec-Oth,170,1251,800,10,2015.11,"Godiwala, Hemali ",Ccu
763,31-Jul-13,47882735,HOME LOAN,710461,Cu B/D w/off w/o Pro-Spec-Oth,170,1251,800,10,65.66,"Godiwala, Hemali ",Ccu
764,31-Jul-13,49045407,SMELAPGROSSPROFIT,710461,Cu B/D w/off w/o Pro-Spec-Oth,204,1111,800,26,1589.95,"Godiwala, Hemali ",Ccu
765,31-Jul-13,48757403,HOME LOAN,710461,Cu B/D w/off w/o Pro-Spec-Oth,170,1251,800,10,557.00,"Godiwala, Hemali ",Ccu
766,31-Jul-13,42073138,HOME LOAN,710461,Cu B/D w/off w/o Pro-Spec-Oth,170,1251,800,10,1161.29,"Godiwala, Hemali ",Ccu
767,31-Jul-13,48100625,PERSONAL LOAN,710401,Cu B/D w/off w/o Prov-Spec Pri,110,1211,800,10,3037.61,"Vatturi, Krishnapriya ",Ccu
768,31-Jul-13,48863726,PERSONAL LOAN,710401,Cu B/D w/off w/o Prov-Spec Pri,110,1211,800,10,515.95,"Godiwala, Hemali ",Ccu
769,31-Jul-13,48770183,PERSONAL LOAN,710401,Cu B/D w/off w/o Prov-Spec Pri,110,1211,800,10,1076.04,"Godiwala, Hemali ",Ccu
770,31-Jul-13,48331589,PERSONAL LOAN,710401,Cu B/D w/off w/o Prov-Spec Pri,110,1211,800,10,2298.92,"Godiwala, Hemali ",Ccu
,,,,,,,,,,,,
,,,,,,,,,,,,
,,,,,,,,,,,,
,,,,,,,,,,,,
,,,,,,,,,,,,
,,,,,,,,,,,,
,,,,,,,,,,,,
,,,,,,,,,,,,
,,,,,,,,,,,,
,,,,,,,,,,,,
,,,,,,,,,,,,
,,,,,,,,,,,,
,,,,,,,,,,,,
,,,,,,,,,,,,
,,,,,,,,,,,,
,,,,,,,,,,,,
,,,,,,,,,,,,
,,,,,,,,,,,,
,,,,,,,,,,,,
,,,,,,,,,,,,
,,,,,,,,,,,,
,,,,,,,,,,,,
,,,,,,,,,,,,
,,,,,,,,,,,,
,,,,,,,,,,,,
,,,,,,,,,,,,
,,,,,,,,,,,,
,,,,,,,,,,,,
,,,,,,,,,,,,
